name,Quality,Beauty,Color,Composition,Content,Familiarity,Artist
Bernard4.jpg,53.0,51.0,62.0,42.0,33.0,0.0,1.0
Cezanne24.jpg,41.0,28.0,36.0,45.0,38.0,0.0,0.0
Zoffany6.jpg,59.5,41.0,69.0,58.0,34.0,0.0,0.0
Velazquez3.jpg,48.0,39.0,48.0,42.0,45.0,0.0,0.0
BenjaminWest7.jpg,53.0,47.0,54.0,65.0,38.0,1.0,1.0
BrueghelYounger1.jpg,58.0,67.0,65.0,69.0,65.0,2.0,2.0
Battista3.jpg,50.0,41.0,58.0,50.0,46.0,0.0,0.0
FranckenYounger2.jpg,59.0,52.0,63.0,61.0,61.0,1.0,0.0
Goya7.jpg,55.0,37.0,45.0,58.0,27.0,0.0,0.0
Renoir36.jpg,54.0,44.0,40.0,38.0,60.0,1.0,1.0
deJongh3.jpg,68.0,70.0,64.0,76.0,72.0,0.0,0.0
Courbet12.jpg,57.0,37.0,54.0,44.0,44.0,0.0,0.0
Pollard7.jpg,67.5,62.5,63.0,62.5,67.0,0.0,0.0
VanGogh18.jpg,74.0,77.0,88.0,72.0,85.0,1.0,1.0
Renoir39.jpg,61.0,63.0,71.0,73.0,68.0,0.0,0.0
Sisley5.jpg,66.0,65.0,72.0,68.0,76.0,0.0,0.0
Rubens3.jpg,66.0,53.0,67.0,60.0,49.0,1.0,1.0
Hogarth2.jpg,59.5,47.5,47.0,47.5,47.5,0.0,0.0
Saenredam4.jpg,63.0,61.5,69.0,68.5,63.5,0.0,0.0
Renoir29.jpg,49.0,40.0,50.0,41.0,46.0,0.0,0.0
Millet1.jpg,72.0,63.5,72.5,68.5,60.5,0.0,0.5
Millet7.jpg,45.0,43.0,52.0,47.0,49.0,0.0,0.0
Daubigny1.jpg,70.0,72.0,67.0,83.0,82.0,4.0,4.0
Gauguin16.jpg,58.5,52.5,63.0,74.5,57.5,1.0,2.0
VanGogh11.jpg,43.0,47.0,47.0,49.0,57.0,0.0,1.0
Signac10.jpg,62.0,58.0,62.0,52.0,52.0,1.0,1.0
Bazille1.jpg,61.0,62.0,75.0,83.0,72.0,0.0,0.0
Sisley7.jpg,74.0,74.0,83.0,87.0,65.0,0.0,1.0
Constable51.jpg,51.5,59.5,56.5,55.5,51.5,0.0,0.0
Bronzino1.jpg,34.0,34.0,65.0,51.0,42.0,0.0,0.0
Craen1.jpg,69.0,70.0,88.0,90.0,84.0,0.0,0.0
Stuck1.jpg,57.0,50.0,45.0,61.0,59.0,0.0,0.0
Stom3.jpg,69.0,69.0,80.0,73.0,52.0,0.0,0.0
Willaerts1.jpg,60.0,61.0,66.0,70.0,64.0,0.0,0.0
Sanzio3.jpg,56.0,44.0,60.0,57.0,49.0,1.0,0.0
Rembrandt41.jpg,61.0,68.5,67.0,63.5,34.0,0.0,0.0
Goya2.jpg,56.0,42.0,50.0,49.0,34.0,1.0,0.0
Danby2.jpg,43.0,43.0,48.0,58.0,44.0,0.0,0.0
Brugghen1.jpg,60.5,48.0,68.0,69.0,50.0,0.0,0.0
Eakins2.jpg,59.5,62.0,48.5,67.5,59.0,0.0,0.0
ToulouseLautrec3.jpg,44.0,43.0,50.0,40.0,50.0,0.0,0.0
Dou2.jpg,65.0,66.5,70.0,71.5,71.0,1.0,1.0
Manet7.jpg,57.5,51.0,43.5,46.0,51.5,0.0,0.0
Degas7.jpg,58.5,55.5,58.5,46.5,51.5,0.0,0.0
BenjaminWest11.jpg,50.0,45.0,50.0,57.0,49.0,0.0,0.0
Vermeer9.jpg,56.0,31.0,30.5,44.5,46.0,0.0,0.0
Latour8.jpg,77.0,72.0,90.0,77.0,66.0,0.0,0.0
Homer6.jpg,59.0,65.0,69.0,62.0,58.0,0.0,0.0
Bartolommeo3.jpg,60.5,47.5,65.5,62.5,27.5,0.0,0.0
Saenredam6.jpg,59.0,59.0,55.0,47.0,50.0,0.0,0.0
Wyck2.jpg,62.0,50.0,50.0,68.0,49.0,1.0,1.0
Delaroche1.jpg,54.0,53.0,55.0,72.0,51.0,0.0,0.0
Giordano4.jpg,75.5,56.5,71.0,54.5,43.5,0.0,1.0
Tintoretto3.jpg,53.0,38.0,50.0,59.0,31.0,1.0,0.0
Wouwerman1.jpg,46.0,35.0,38.5,44.0,27.0,0.0,0.0
Degas21.jpg,59.0,52.5,46.5,65.0,60.0,0.0,0.0
Courbet15.jpg,63.0,78.0,69.0,65.0,84.0,0.0,0.0
Kuindzhi1.jpg,45.0,55.0,43.0,50.0,67.0,0.0,0.0
vanDyck1.jpg,57.0,53.0,74.0,84.0,35.0,0.0,0.0
Rusinol3.jpg,81.0,81.0,84.0,82.0,84.0,0.0,0.0
Breenbergh2.jpg,64.5,62.5,74.5,72.0,50.0,0.0,0.0
FerdinandVoet1.jpg,50.5,38.5,49.5,36.5,33.5,0.0,0.0
deRibera1.jpg,62.0,51.0,55.0,60.0,50.0,0.0,0.0
Baglione1.jpg,69.0,46.5,50.0,62.0,24.5,0.5,0.5
Poussin10.jpg,83.0,83.0,86.0,87.0,76.0,1.0,0.0
LeSidaner3.jpg,57.0,55.5,40.0,55.5,63.0,0.0,0.0
SebastianoRicci2.jpg,63.0,36.0,56.0,67.0,26.0,2.0,2.0
Rembrandt12.jpg,61.0,58.0,60.0,70.0,54.0,1.0,1.0
Hals4.jpg,54.0,43.0,48.0,54.0,50.0,0.0,0.0
Bordone1.jpg,62.5,46.0,60.5,43.5,44.5,14.0,0.5
Cezanne6.jpg,55.0,44.0,50.0,57.0,57.0,0.0,0.0
Courbet17.jpg,59.0,70.0,60.0,72.0,85.0,0.0,0.0
Rusinol4.jpg,71.0,79.0,85.0,78.0,83.0,0.0,0.0
Rembrandt17.jpg,63.0,56.0,61.0,52.0,47.0,0.0,0.0
Rousseau3.jpg,50.0,66.0,74.0,33.0,53.0,0.0,0.0
Knupfer1.jpg,61.5,51.0,58.0,44.5,48.0,0.5,0.5
Sorolla1.jpg,60.0,65.0,58.0,52.0,67.0,0.0,0.0
Renoir1.jpg,58.0,53.0,57.0,68.0,59.0,0.0,0.0
Renoir14.jpg,58.0,60.0,58.0,71.0,50.0,0.0,0.0
Albani1.jpg,43.0,36.0,46.0,46.0,35.0,1.0,0.0
Danby9.jpg,67.0,71.0,69.0,71.0,78.0,0.0,0.0
Pynacker2.jpg,65.0,59.0,63.0,74.0,69.0,0.0,0.0
vanDyck20.jpg,66.0,54.0,66.0,53.0,46.0,0.0,0.0
Constable25.jpg,68.0,83.0,68.0,80.0,76.0,0.0,0.0
Monet40.jpg,52.5,35.0,28.5,26.5,50.0,2.0,1.0
Tintoretto15.jpg,58.0,50.0,46.5,54.0,32.0,0.0,0.0
Trumbull1.jpg,67.0,50.5,50.5,50.0,50.0,0.0,0.0
Reynolds14.jpg,62.0,55.0,42.0,57.0,55.0,0.0,0.0
Lyall1.jpg,79.0,82.0,84.0,92.0,91.0,0.0,0.0
Philipsen2.jpg,55.0,53.0,57.0,68.0,49.0,0.0,0.0
Constable42.jpg,36.0,15.0,36.0,39.0,36.0,0.0,0.0
Pissarro7.jpg,52.0,67.0,68.0,63.0,68.0,0.0,0.0
Liebermann5.jpg,58.0,45.0,58.0,83.0,55.0,0.0,1.0
Coques1.jpg,70.0,58.0,63.0,56.0,62.0,0.0,0.0
vandeVenne1.jpg,57.0,59.0,75.0,61.0,70.0,0.0,0.0
Gainsborough1.jpg,42.5,41.5,42.0,68.0,68.0,0.5,0.0
Gauguin8.jpg,38.0,25.0,43.0,28.0,27.0,0.0,0.0
Renoir37.jpg,50.0,52.0,52.0,55.0,53.0,0.0,0.0
Metcalf2.jpg,66.0,75.5,67.5,57.0,76.5,2.0,2.0
Signac5.jpg,55.0,45.5,59.0,46.5,69.0,0.0,0.0
Richter1.jpg,70.0,51.0,82.0,79.0,58.0,0.0,0.0
Millet5.jpg,65.0,64.0,79.0,68.0,53.0,0.0,0.0
Vonnoh1.jpg,58.5,62.5,70.5,56.5,61.0,0.0,0.0
VanGogh3.jpg,57.0,64.5,81.0,54.5,63.5,0.0,0.0
Copley1.jpg,64.0,56.0,55.0,72.0,51.0,0.0,0.0
Hassam5.jpg,50.0,51.0,38.0,44.0,38.0,0.0,0.0
Trumbull2.jpg,62.5,55.5,52.5,51.5,50.0,0.0,0.0
Parmigianino3.jpg,57.0,47.0,51.0,56.0,44.0,1.0,1.0
Danby3.jpg,67.0,73.0,56.0,81.0,75.0,0.0,0.0
Malmstrom1.jpg,81.0,78.0,79.0,80.0,84.0,0.0,1.0
Vasnetsov2.jpg,56.5,62.0,63.5,51.0,52.5,1.0,1.0
Vernet2.jpg,74.0,81.0,91.0,88.0,71.0,0.0,0.0
Tintoretto5.jpg,39.0,38.5,31.0,23.0,38.0,0.5,0.5
deMadrazo1.jpg,57.0,49.0,49.0,61.0,44.0,0.0,0.0
Jawlensky4.jpg,51.0,60.0,70.0,50.0,50.0,1.0,1.0
Gainsborough10.jpg,43.0,35.0,46.0,56.0,49.5,0.5,0.5
Malharro2.jpg,58.5,52.5,48.0,60.5,65.0,0.0,1.0
Chardin5.jpg,56.0,50.0,50.0,54.0,49.0,0.0,0.0
Velazquez5.jpg,56.0,50.0,58.0,50.0,27.0,1.0,1.0
Rousseau1.jpg,61.0,69.0,72.0,50.0,69.0,0.0,1.0
Arellano1.jpg,72.0,68.0,73.0,72.0,64.0,0.0,0.0
ElGreco7.jpg,54.0,52.0,49.5,67.5,50.0,0.0,0.0
Serov3.jpg,67.0,53.0,55.0,67.0,55.0,0.0,0.0
Panini2.jpg,71.0,57.0,69.0,82.0,69.0,0.0,0.0
Cawen2.jpg,55.0,50.0,53.0,65.0,46.0,0.0,0.0
deHooch2.jpg,62.5,61.0,70.5,65.5,57.5,0.0,0.0
Latour4.jpg,54.0,53.0,53.0,39.0,44.0,0.0,0.0
vanderHelst3.jpg,59.0,46.5,61.0,54.5,38.0,0.0,0.0
Cezanne19.jpg,44.0,38.0,38.0,34.0,29.0,1.0,1.0
Corinth1.jpg,46.0,39.0,57.0,56.0,21.0,0.0,0.0
vanRuysdael4.jpg,73.5,77.0,82.5,85.5,80.0,0.5,0.5
Constable57.jpg,72.0,59.0,56.0,58.0,53.0,0.0,1.0
Copley5.jpg,49.0,38.0,62.0,34.0,25.0,0.0,0.0
Monet2.jpg,69.0,69.0,75.0,72.0,69.0,0.0,1.0
BenjaminWest2.jpg,49.0,41.0,54.0,66.0,45.0,0.0,0.0
Sanzio1.jpg,58.5,44.5,63.5,60.0,57.0,0.0,0.0
Magnasco3.jpg,61.0,56.0,57.0,58.0,50.0,0.0,0.0
Redon2.jpg,53.0,38.0,40.0,29.0,29.0,0.0,0.0
Monet27.jpg,46.0,53.0,53.0,75.0,54.0,1.0,1.0
vanEyck1.jpg,36.0,42.0,40.0,45.0,37.0,1.0,1.0
Courbet10.jpg,47.0,52.0,62.0,50.0,73.0,0.0,0.0
vanDyck10.jpg,51.0,43.0,61.0,54.0,48.0,1.0,0.0
DavidFriedrich6.jpg,70.0,86.0,83.5,84.5,86.5,1.0,0.5
TeniersYounger3.jpg,63.5,66.5,66.5,72.0,54.0,0.5,0.5
Tintoretto1.jpg,69.0,66.0,58.0,76.0,71.0,0.0,0.0
Parmigianino2.jpg,63.5,40.5,64.0,70.0,44.0,0.5,0.0
Rembrandt22.jpg,46.5,37.0,42.0,40.5,37.5,0.0,0.0
GheeraertsYounger2.jpg,43.0,25.0,26.0,14.0,23.0,1.0,1.0
Hals3.jpg,53.0,37.0,40.0,53.0,42.0,0.0,0.0
Latour1.jpg,61.0,57.0,72.0,70.0,50.0,0.0,0.0
vonMenzel5.jpg,62.0,71.0,82.0,82.5,75.0,1.5,0.0
Matsys1.jpg,12.0,2.0,42.0,16.0,3.0,0.0,0.0
Canaletto14.jpg,75.0,77.0,83.0,71.0,72.0,0.0,0.0
Flinck1.jpg,59.0,53.0,60.0,50.0,49.0,0.0,0.0
Khnopff1.jpg,55.5,44.0,61.5,59.0,50.0,0.5,1.0
Kalf4.jpg,61.5,58.5,57.0,67.0,50.0,0.0,0.0
Saenredam1.jpg,61.0,54.5,68.5,70.0,52.5,0.0,0.0
Bocklin4.jpg,57.0,61.0,50.0,66.0,60.0,0.0,0.0
Liebermann2.jpg,55.0,58.0,57.0,54.0,66.0,0.0,0.0
Rubens10.jpg,49.0,38.5,57.5,50.5,26.5,0.5,0.0
Poussin13.jpg,56.5,41.5,51.5,58.0,32.0,2.0,0.0
Vermeer8.jpg,62.0,72.0,52.0,60.0,61.0,2.0,1.0
Cassatt5.jpg,46.0,42.0,44.0,44.0,46.0,0.0,0.0
Courbet3.jpg,51.5,39.5,46.0,51.5,48.0,0.0,0.0
Wouwerman3.jpg,64.0,67.0,63.0,71.0,59.0,0.0,0.0
Hassam9.jpg,72.0,76.0,61.0,57.0,70.0,0.0,0.0
Steen10.jpg,58.0,59.0,57.0,66.0,55.0,1.0,1.0
Boucher4.jpg,58.0,64.0,52.0,60.0,61.0,0.0,1.0
DirckHals1.jpg,52.0,43.0,49.0,47.0,46.0,0.0,0.0
Rizi2.jpg,47.0,37.0,32.0,46.0,29.0,0.0,0.0
Hogarth10.jpg,54.0,35.0,31.0,55.0,55.0,0.0,0.0
Pissarro9.jpg,73.0,72.0,73.0,74.0,69.0,0.0,0.0
vanRuysdael2.jpg,77.0,70.0,80.0,82.0,72.0,0.0,0.0
Nonell10.jpg,51.0,28.0,41.0,50.0,49.0,1.0,1.0
Canaletto1.jpg,68.0,73.5,75.5,87.0,86.5,0.5,0.0
Giordano3.jpg,56.0,38.0,64.5,48.5,27.5,0.0,0.0
ElGreco12.jpg,35.0,39.0,55.0,60.0,26.0,1.0,1.0
vanLoo1.jpg,60.5,48.0,71.0,50.0,31.0,1.0,0.0
Degas17.jpg,42.0,37.0,50.5,46.0,52.5,0.0,0.0
CamilleCorot2.jpg,81.0,76.0,82.0,75.0,82.0,0.0,0.0
Vermeer4.jpg,66.5,66.0,66.5,69.0,65.5,0.0,0.0
deStomme1.jpg,65.0,59.0,75.0,64.5,52.5,0.5,0.0
Stuart1.jpg,43.0,43.0,39.0,49.0,49.0,0.0,0.0
Shishkin2.jpg,71.0,88.0,88.0,86.0,78.0,0.0,0.0
Zoffany5.jpg,56.0,44.0,62.0,44.0,39.0,1.0,1.0
Dujardin1.jpg,67.0,65.0,65.0,78.0,61.0,0.0,0.0
Signac1.jpg,46.0,42.0,37.0,55.0,38.0,0.0,0.0
ToulouseLautrec2.jpg,68.0,64.0,70.0,70.0,70.0,0.0,1.0
Veronese9.jpg,54.0,43.0,47.0,47.0,21.0,1.0,0.0
Holbein5.jpg,43.0,33.0,44.0,50.0,24.0,0.0,0.0
VanGogh1.jpg,73.0,73.0,83.0,71.0,75.0,100.0,100.0
SebastianoRicci1.jpg,55.0,46.0,52.0,49.0,30.0,0.0,0.0
Canaletto9.jpg,83.0,83.0,88.0,87.0,91.0,0.0,0.0
Steen7.jpg,64.0,57.0,69.0,70.0,63.0,0.0,0.0
daCaravaggio1.jpg,69.0,59.0,63.0,65.0,37.0,1.0,1.0
Bouguereau3.jpg,74.0,78.0,75.0,74.0,79.0,1.0,0.0
Nonell5.jpg,56.0,46.0,41.0,52.0,47.0,0.0,1.0
Turner1.jpg,65.0,75.5,74.5,85.5,70.5,0.5,0.0
deLaTour3.jpg,59.0,42.0,54.0,52.0,39.0,1.0,1.0
Caravaggio1.jpg,61.5,64.0,59.0,64.0,58.0,0.0,0.0
vanDyck14.jpg,60.0,50.0,59.0,51.0,37.0,0.0,0.0
Degas8.jpg,49.0,45.0,48.0,46.0,50.0,0.0,0.0
Lievens1.jpg,70.0,50.0,50.0,54.0,50.0,0.0,0.0
Hals8.jpg,50.0,39.0,39.0,47.0,22.0,0.0,0.0
vanderHelst2.jpg,51.0,61.0,57.0,57.0,26.0,0.0,0.0
Sisley3.jpg,61.0,64.0,72.0,75.0,70.0,0.0,0.0
deHooch5.jpg,59.0,64.0,56.0,80.0,74.0,0.0,0.0
Boel1.jpg,46.0,36.5,60.0,61.5,15.5,0.0,0.0
Mauve4.jpg,61.0,64.0,63.0,68.0,61.0,2.0,1.0
Daubigny2.jpg,55.0,53.0,52.0,57.0,50.0,0.0,0.0
Dujardin2.jpg,62.0,52.0,64.0,64.0,22.0,1.0,0.0
Metcalf1.jpg,60.0,65.0,61.5,71.0,64.5,0.0,0.0
Vermeer3.jpg,60.5,61.0,60.0,61.0,64.0,0.0,0.0
Rembrandt18.jpg,61.0,58.0,55.0,56.0,63.0,0.0,0.0
Wissing4.jpg,62.0,52.0,69.0,53.0,41.0,0.0,0.0
Rusinol10.jpg,53.5,45.0,55.0,71.0,42.5,0.0,0.0
Constable15.jpg,43.5,45.0,47.5,53.5,50.5,0.0,0.0
Gauguin1.jpg,60.0,59.0,57.0,68.0,55.0,6.0,0.0
Cezanne12.jpg,57.5,55.5,64.0,76.5,75.5,0.5,0.5
Tonks1.jpg,55.0,43.0,54.0,50.0,41.0,1.0,1.0
Ingres5.jpg,81.0,83.0,62.0,78.0,77.0,0.0,0.0
Canaletto4.jpg,92.0,92.0,93.0,95.0,87.0,0.0,0.0
Steen3.jpg,60.0,56.0,56.0,66.0,63.5,1.0,0.0
deLaTour2.jpg,77.0,79.0,80.0,84.0,81.0,1.0,1.0
Coello2.jpg,42.0,24.0,21.0,38.0,22.0,0.0,0.0
Murillo2.jpg,52.0,50.0,55.0,53.0,57.0,0.0,0.0
Siberechts1.jpg,61.5,57.5,63.0,53.5,56.0,0.0,0.0
Latour5.jpg,62.0,56.0,67.0,59.0,50.0,0.0,0.0
Lely4.jpg,74.0,58.0,68.0,56.0,50.0,0.0,0.0
Battista2.jpg,63.0,54.0,63.0,50.0,50.0,0.0,0.0
Gauguin3.jpg,46.0,26.0,23.0,49.0,39.0,0.0,0.0
vanAelst1.jpg,50.0,43.0,57.0,61.0,22.0,0.0,0.0
Mola1.jpg,63.0,63.0,63.0,60.0,60.0,0.0,1.0
Monet29.jpg,64.0,66.0,68.0,66.0,68.0,1.0,1.0
Tintoretto10.jpg,33.0,33.0,45.0,30.0,25.0,0.0,0.0
Alcazar2.jpg,66.0,73.0,64.0,59.0,58.0,0.0,1.0
Hassam6.jpg,68.0,54.0,78.0,64.0,43.0,0.0,0.0
Vrubel1.jpg,68.0,63.0,77.0,61.0,53.0,0.0,0.0
CamilleCorot1.jpg,63.0,63.0,67.0,68.0,67.0,0.0,1.0
Renoir25.jpg,57.0,57.0,56.0,63.0,69.0,0.0,0.0
Vuillard9.jpg,70.0,69.0,60.0,77.0,63.0,0.0,0.0
Titian14.jpg,57.0,47.5,40.5,57.0,52.0,1.0,0.5
Durer6.jpg,53.5,49.5,52.0,56.0,42.5,0.0,0.0
Romanelli1.jpg,71.0,50.0,58.0,65.0,36.0,0.0,0.0
Manet16.jpg,61.0,57.5,45.0,61.0,57.0,0.0,0.0
Rousseau7.jpg,50.0,43.0,55.0,62.0,51.0,0.0,2.0
Steen6.jpg,58.5,45.0,47.5,53.0,50.0,0.0,0.0
Sisley12.jpg,59.0,66.0,70.0,67.0,70.0,0.0,1.0
vanRuisdael5.jpg,66.0,62.0,57.0,68.0,77.0,0.0,0.0
Degas22.jpg,46.0,50.0,56.0,60.0,56.0,0.0,0.0
Monet41.jpg,66.0,79.0,79.0,72.0,91.0,1.0,1.0
Constable41.jpg,34.0,30.0,42.0,32.0,50.0,0.0,0.0
Laroon7.jpg,50.5,38.0,43.5,47.5,40.5,0.0,0.0
Ingres1.jpg,48.5,47.5,66.5,51.0,21.5,1.0,1.0
Tisi2.jpg,62.0,51.0,79.0,19.0,24.0,0.0,0.0
Repin4.jpg,50.0,47.0,56.0,63.0,32.0,0.0,0.0
vanHonthorst1.jpg,68.0,77.0,77.0,76.0,77.0,1.0,1.0
Cezanne43.jpg,55.0,57.0,56.0,50.0,47.5,0.0,0.0
Jawlensky3.jpg,25.0,24.0,43.0,22.0,48.0,0.0,0.0
VanGogh5.jpg,43.5,46.5,58.5,41.0,61.5,0.0,1.0
Surikov3.jpg,66.0,69.0,75.0,68.0,72.0,0.0,0.0
Renoir28.jpg,73.0,78.0,88.0,81.0,76.0,1.0,1.0
CamilleCorot7.jpg,64.0,70.0,76.0,68.0,54.0,0.0,0.0
Aertsen3.jpg,62.0,50.0,53.0,44.0,41.0,0.0,0.0
Steele1.jpg,67.0,69.0,68.0,77.0,75.0,0.0,0.0
Miranda1.jpg,42.0,33.0,51.0,30.0,31.0,0.0,0.0
Murillo4.jpg,69.5,77.5,76.0,72.0,74.0,0.0,0.0
LeSueur1.jpg,59.0,38.0,50.0,50.0,41.0,0.0,0.0
Goya6.jpg,41.0,13.0,74.0,58.0,15.0,0.0,0.0
vanDyck22.jpg,56.0,52.0,52.0,56.0,32.0,2.0,0.0
Allori1.jpg,48.5,38.0,56.5,50.0,35.5,0.0,0.0
VanGogh6.jpg,48.0,36.0,40.5,44.0,54.0,99.5,98.5
Pissarro15.jpg,59.0,50.0,54.0,59.0,49.0,1.0,2.0
Gauguin15.jpg,50.0,57.0,67.0,53.0,55.0,0.0,0.0
Constable52.jpg,59.5,70.5,66.0,60.5,63.5,0.5,1.0
Gericault1.jpg,65.0,62.0,71.0,79.0,69.0,0.0,0.0
Watts1.jpg,58.0,45.0,67.0,58.0,21.0,1.0,1.0
deVos1.jpg,64.0,50.0,52.0,68.0,58.5,0.0,0.0
Degas18.jpg,49.5,37.0,33.0,30.0,48.5,0.0,0.0
Titian2.jpg,77.0,61.0,65.0,63.0,53.0,0.0,0.0
Rigaud7.jpg,71.0,48.0,58.0,63.0,31.0,1.0,1.0
VanGogh13.jpg,45.0,41.0,54.0,52.0,44.0,0.0,2.0
VanGogh15.jpg,66.5,70.0,83.0,72.5,80.5,3.5,17.5
Durand2.jpg,82.0,73.0,80.0,76.0,84.0,0.0,1.0
Wyck4.jpg,62.0,55.0,69.0,69.0,50.0,0.0,1.0
Millet8.jpg,63.0,42.0,65.0,59.0,57.0,0.0,0.0
Reynolds1.jpg,45.0,46.0,56.0,47.0,28.0,1.0,0.0
vanDyck8.jpg,50.0,37.0,49.0,45.0,25.0,1.0,0.0
Manet1.jpg,61.0,56.0,53.5,55.0,50.0,0.0,0.0
Giorgione5.jpg,57.0,57.0,56.0,59.0,53.0,0.0,0.0
Liebermann6.jpg,62.0,66.0,59.0,81.0,63.0,0.0,1.0
Rizi3.jpg,59.0,56.5,40.5,58.0,27.5,0.0,0.0
Rousseau9.jpg,40.0,35.0,36.0,30.0,39.0,1.0,1.0
delSarto1.jpg,51.0,49.5,34.5,45.5,45.0,0.0,0.0
Monet31.jpg,32.0,29.0,37.0,44.0,37.0,1.0,0.0
MartendeVos1.jpg,55.0,51.0,51.0,58.0,51.0,0.0,0.0
Redon1.jpg,53.5,61.5,56.5,54.0,55.5,0.0,0.0
BenjaminWest15.jpg,42.0,39.0,45.0,54.0,16.0,0.0,0.0
Goya1.jpg,55.0,59.0,70.0,59.0,50.0,1.0,1.0
vanCalraet1.jpg,59.0,47.0,57.0,60.0,50.0,0.0,0.0
SebastianoRicci3.jpg,55.0,50.0,38.0,48.0,49.0,0.0,0.0
VanGogh7.jpg,45.0,52.0,59.0,33.0,45.0,53.0,95.0
Luce1.jpg,57.0,40.0,56.5,61.0,13.0,0.0,0.0
Millet6.jpg,54.0,57.0,55.0,65.0,64.0,0.0,0.0
Durer2.jpg,37.0,23.0,50.0,27.0,20.0,0.0,0.0
Danby5.jpg,66.0,74.0,75.0,84.0,82.0,0.0,0.0
Dewing1.jpg,56.0,73.0,53.0,50.0,71.0,0.0,0.0
Millet2.jpg,62.0,52.0,50.0,71.0,63.0,0.0,0.0
Tiepolo1.jpg,50.0,56.0,54.0,50.0,39.0,0.0,0.0
Caillebotte5.jpg,72.0,84.0,80.0,84.0,83.0,0.0,1.0
Caillebotte2.jpg,60.0,74.5,66.5,51.0,56.5,0.5,0.0
Holbein4.jpg,55.5,50.5,36.5,45.5,44.0,1.0,1.0
vanHeemskerck1.jpg,43.0,36.0,45.0,44.0,40.0,0.0,1.0
deHeem1.jpg,61.0,68.0,79.0,72.0,77.0,1.0,1.0
Watts5.jpg,62.0,46.0,51.0,59.0,49.0,0.0,0.0
vanRuisdael8.jpg,66.0,71.0,62.0,70.0,80.0,0.0,0.0
Manet2.jpg,51.0,52.0,48.0,50.0,50.0,0.0,0.0
Borch7.jpg,64.0,50.0,56.0,65.5,55.0,0.0,0.0
Courbet4.jpg,48.5,48.5,23.5,61.5,64.5,0.0,0.0
DavidFriedrich4.jpg,69.5,72.0,68.0,82.5,75.5,0.0,0.0
FranzMarc2.jpg,58.0,56.0,64.0,63.0,51.0,0.0,1.0
Gauguin17.jpg,59.0,51.5,79.5,57.0,60.0,1.5,2.5
Gainsborough6.jpg,52.0,59.0,46.0,65.0,52.0,0.0,0.0
Keil1.jpg,51.0,42.0,54.0,70.0,54.0,0.0,0.0
Constable45.jpg,66.0,54.0,66.0,60.0,59.0,0.0,0.0
Sanzio4.jpg,60.5,43.5,60.5,51.0,50.0,0.0,0.0
deRibera3.jpg,53.0,50.0,57.0,61.0,32.0,1.0,1.0
Durer5.jpg,42.0,51.0,72.0,57.5,52.0,1.0,1.0
vanBijlert1.jpg,62.0,54.0,65.0,60.0,56.0,0.0,0.0
Cezanne38.jpg,43.0,37.0,51.0,37.0,37.0,4.0,4.0
Monet18.jpg,60.0,68.0,73.0,68.0,69.0,0.0,0.0
Borch3.jpg,52.0,50.0,30.0,53.0,43.0,0.0,0.0
Korovin1.jpg,35.0,19.5,55.5,50.0,23.0,0.0,0.0
Bernard1.jpg,45.0,32.0,45.0,11.0,16.0,0.0,0.0
Rousseau5.jpg,51.0,38.0,73.0,41.0,50.0,0.0,0.0
Saenredam5.jpg,68.0,53.0,59.0,67.0,50.0,1.0,1.0
Renoir20.jpg,59.0,48.0,51.0,51.0,50.0,0.0,0.0
Vedder1.jpg,69.0,67.0,63.5,73.0,58.0,2.0,1.5
Watts4.jpg,54.0,52.0,56.0,42.5,47.0,0.0,0.0
Steen11.jpg,58.0,59.0,70.0,73.0,65.0,1.0,1.0
vanSwanevelt1.jpg,71.0,67.0,69.0,70.0,68.0,0.0,0.0
WhartonEdwards1.jpg,77.0,79.0,75.0,91.0,79.0,0.0,0.0
Zurbaran2.jpg,55.0,46.0,41.0,50.0,23.0,0.0,0.0
vonMenzel8.jpg,70.5,64.0,73.0,79.5,78.0,0.0,0.0
Pissarro14.jpg,68.5,68.5,74.5,66.5,69.5,1.0,1.0
CamilleCorot13.jpg,68.0,77.0,87.0,80.0,83.0,0.0,0.0
Gauguin6.jpg,41.0,23.0,26.0,23.0,24.0,1.0,1.0
ElGreco1.jpg,57.0,35.0,55.0,51.0,50.0,0.0,0.0
Poussin2.jpg,45.0,34.0,42.0,46.0,31.0,0.0,0.0
Mengs1.jpg,65.0,62.0,70.0,72.0,62.0,1.0,1.0
VanGogh27.jpg,35.0,35.0,55.0,43.0,64.0,85.0,99.0
Gainsborough7.jpg,62.5,50.0,57.5,67.0,48.5,2.0,0.5
Jongkind4.jpg,61.0,65.0,65.0,82.0,70.0,0.0,0.0
Steen12.jpg,65.0,67.0,72.0,64.5,62.0,0.0,0.0
Zoffany11.jpg,64.0,43.0,51.0,56.0,40.0,0.0,0.0
Pissarro1.jpg,61.0,58.5,70.0,62.5,66.0,1.0,1.0
Backer1.jpg,50.0,38.0,54.0,37.0,30.0,0.0,0.0
MerrittChase8.jpg,58.5,47.5,40.0,50.0,34.0,0.0,0.0
Pontormo2.jpg,60.0,56.0,53.0,51.0,50.0,0.0,0.0
Giordano2.jpg,60.0,50.0,50.0,58.0,48.0,0.0,0.0
Waldmuller1.jpg,51.5,50.0,68.5,67.0,61.5,0.0,0.0
Staphorst1.jpg,39.0,23.0,19.0,19.0,11.0,0.0,0.0
Camprobin1.jpg,64.0,52.0,60.0,59.0,50.0,1.0,1.0
Pissarro13.jpg,54.0,52.0,57.0,61.0,63.0,0.0,0.0
Steen9.jpg,58.0,49.5,53.5,57.0,45.5,0.0,0.0
vanOosterwijck1.jpg,73.0,71.5,79.5,78.0,70.5,0.0,0.0
deHooch4.jpg,44.0,37.0,41.0,36.0,27.0,0.0,0.0
Constable6.jpg,60.0,58.0,47.5,61.5,64.5,0.0,0.0
SebastianoRicci4.jpg,79.5,63.5,85.0,64.0,64.5,1.0,2.0
Arentsz1.jpg,46.0,37.0,56.0,45.0,46.0,1.0,1.0
Pissarro4.jpg,62.0,71.0,76.0,71.0,55.0,1.0,0.0
Constable29.jpg,51.0,54.0,50.0,52.0,57.0,0.0,0.0
Hassam3.jpg,58.0,61.5,67.5,71.0,65.5,0.5,5.0
Rusinol1.jpg,68.0,75.0,64.0,85.0,71.0,0.0,0.0
Battista5.jpg,63.0,51.0,50.0,57.0,41.0,0.0,0.0
Gericault2.jpg,68.0,65.0,58.0,83.0,69.0,0.0,0.0
Gonzales1.jpg,50.0,37.0,53.0,56.0,49.0,2.0,2.0
FranzMarc4.jpg,59.0,50.0,72.0,54.0,47.0,0.0,0.0
Claesz1.jpg,64.0,68.5,71.5,56.5,73.5,0.0,0.0
Mignon1.jpg,61.0,46.0,62.0,29.0,44.0,0.0,0.0
Ruokokoski2.jpg,64.0,75.0,75.0,73.0,71.0,0.0,0.0
Malharro3.jpg,52.0,63.0,73.5,67.5,61.0,0.0,0.0
Murillo5.jpg,50.0,27.0,40.0,37.0,22.0,0.0,0.0
Ury2.jpg,62.0,57.0,64.0,70.0,58.0,0.0,0.0
Cezanne3.jpg,70.0,76.0,89.0,75.0,82.0,0.0,0.0
Lely3.jpg,43.0,40.0,57.0,34.0,29.0,0.0,0.0
Becker1.jpg,39.0,25.0,19.0,30.0,33.0,0.0,1.0
Vuillard7.jpg,50.0,48.0,50.0,47.0,39.0,2.0,2.0
Eakins10.jpg,63.0,60.0,73.0,65.0,55.0,0.0,0.0
Monet30.jpg,56.0,61.0,54.5,67.0,63.5,0.0,0.5
Koets1.jpg,67.0,60.0,73.0,72.0,69.0,1.0,1.0
Pollard8.jpg,59.0,36.0,50.0,58.0,38.0,0.0,0.0
Kneller2.jpg,64.0,57.0,50.0,67.0,46.0,3.0,1.0
Renoir4.jpg,70.0,59.5,78.5,65.5,57.0,3.0,4.5
Vinet1.jpg,82.0,86.0,84.5,71.0,76.0,0.5,0.5
Boucher2.jpg,57.0,50.0,55.0,59.0,50.0,0.0,0.0
Reynolds16.jpg,50.0,47.0,48.5,47.0,37.0,0.0,0.0
Hogarth8.jpg,56.0,30.0,36.0,47.0,24.0,0.0,0.0
Veronese3.jpg,61.0,46.0,52.0,60.0,34.0,0.0,0.0
Kalf3.jpg,69.0,67.0,72.0,68.0,66.0,0.0,0.0
Romano1.jpg,44.0,33.0,42.0,44.0,45.0,0.0,0.0
Pollard1.jpg,47.5,32.0,53.0,28.0,38.5,0.0,0.0
Rembrandt23.jpg,56.0,45.0,38.0,53.0,49.0,0.0,0.0
Reynolds11.jpg,58.0,44.0,60.0,50.0,42.0,1.0,1.0
VanGogh10.jpg,70.5,67.0,74.5,65.5,73.5,0.0,0.0
Hogarth9.jpg,49.5,41.5,53.0,50.5,40.0,0.0,0.0
Cassatt8.jpg,54.0,54.0,59.0,55.0,55.0,1.0,0.0
Sisley8.jpg,55.0,61.0,68.0,67.0,57.0,0.0,0.0
Renoir31.jpg,63.0,52.0,62.5,49.0,58.0,0.0,0.0
Fetti3.jpg,58.5,48.0,57.0,62.0,50.0,0.0,0.0
Tintoretto13.jpg,60.0,48.0,54.0,59.0,41.0,0.0,0.0
Ricci2.jpg,66.0,42.0,42.0,48.0,45.0,0.0,0.0
Preti1.jpg,52.0,50.0,56.0,50.0,42.0,1.0,1.0
Hulsdonck1.jpg,75.0,72.0,83.0,74.0,70.5,0.5,0.5
Saenredam2.jpg,75.0,74.0,74.0,76.0,63.0,0.0,0.0
Constable30.jpg,64.0,78.0,64.0,68.0,71.0,0.0,0.0
Levitan1.jpg,62.0,73.0,72.0,56.0,60.0,0.0,0.0
Boucher3.jpg,63.0,63.0,72.0,71.0,60.0,0.0,0.0
Wissing3.jpg,57.0,38.0,54.0,59.0,49.0,0.0,0.0
Rembrandt42.jpg,37.0,15.0,25.0,36.0,29.0,1.0,0.0
Rusinol7.jpg,58.0,58.0,56.0,71.0,51.0,0.0,0.0
Tintoretto9.jpg,52.0,49.0,41.0,49.0,41.0,0.0,0.0
DavidFriedrich7.jpg,74.5,72.5,81.0,90.5,77.0,0.0,0.0
Fendi1.jpg,51.0,45.0,57.0,54.0,23.0,0.0,0.0
Hogarth4.jpg,62.0,50.0,46.0,60.0,35.0,1.0,0.0
vanNoordt1.jpg,71.0,49.0,56.0,65.0,58.0,1.0,1.0
Maes3.jpg,66.0,69.0,54.0,77.0,68.0,0.0,0.0
CamilleCorot11.jpg,69.0,69.0,81.0,73.0,75.0,0.0,0.0
Mauve3.jpg,72.0,71.0,78.0,74.0,68.0,0.0,1.0
Reynolds5.jpg,62.0,54.0,59.0,59.0,45.0,1.0,1.0
Battista4.jpg,75.0,57.0,39.0,57.0,56.0,0.0,0.0
Cezanne35.jpg,57.5,57.0,56.5,59.5,52.5,0.0,0.0
Nonell1.jpg,38.0,27.0,50.0,34.0,20.0,0.0,0.0
Monet4.jpg,69.0,78.0,78.0,88.0,85.0,0.0,1.0
Soest1.jpg,50.0,36.0,50.0,40.0,31.0,0.0,0.0
Veronese8.jpg,62.0,60.0,66.5,74.0,54.0,1.0,0.0
Sorolla3.jpg,61.0,47.0,50.0,57.0,16.0,0.0,0.0
Toorop1.jpg,43.0,49.0,61.5,50.5,53.0,0.0,0.0
Giordano6.jpg,49.0,34.0,56.0,51.0,25.0,0.0,0.0
Aalto1.jpg,39.0,32.0,52.0,40.0,43.0,1.0,1.0
Homer8.jpg,78.0,73.0,63.0,88.0,87.0,0.0,0.0
Cezanne21.jpg,42.5,47.0,43.5,44.5,43.5,0.5,0.5
Tintoretto16.jpg,54.5,38.0,50.0,57.5,46.0,1.0,1.0
Eakins4.jpg,65.0,70.0,83.0,64.0,83.0,1.0,0.0
VanGogh23.jpg,59.0,46.0,67.0,59.0,50.0,1.0,2.0
deChavannes5.jpg,56.0,40.0,17.0,65.0,48.0,0.0,0.0
Rembrandt30.jpg,42.0,38.0,35.0,35.0,31.0,0.0,0.0
Guillaumin1.jpg,61.0,61.0,77.0,77.0,58.0,0.0,0.0
Hals6.jpg,53.0,34.0,30.0,33.0,21.0,0.0,0.0
vanGoyen1.jpg,56.0,60.0,65.0,54.0,54.0,1.0,1.0
Reni1.jpg,63.0,57.5,73.5,64.5,36.5,1.5,0.5
Rosa2.jpg,54.0,39.0,50.0,57.0,40.0,0.0,0.0
Constable50.jpg,67.0,71.0,60.0,77.0,78.0,2.0,2.0
Rembrandt2.jpg,54.0,52.0,53.0,59.0,47.0,2.0,1.0
Bloemaert1.jpg,76.5,55.5,69.5,60.0,48.0,0.0,0.0
Bloemaert2.jpg,66.5,59.0,68.5,66.5,51.0,1.5,0.0
Hilliard1.jpg,59.5,34.0,40.0,36.0,40.5,0.5,0.0
Pissarro16.jpg,60.0,63.5,74.5,71.0,74.5,0.0,0.0
Courbet14.jpg,74.0,67.0,71.0,61.0,55.0,0.0,0.0
Rembrandt36.jpg,51.5,48.5,43.5,40.5,30.5,0.5,0.5
Rousseau2.jpg,50.0,38.5,53.0,28.0,38.5,0.5,1.0
Gauguin21.jpg,73.0,72.0,77.0,68.0,71.0,2.0,4.0
Coques2.jpg,65.0,58.0,71.0,69.0,54.0,0.0,0.0
Courbet9.jpg,56.0,55.5,53.5,59.5,59.0,0.0,0.0
Constable14.jpg,52.5,51.5,56.0,43.5,50.0,0.0,0.0
Camprobin2.jpg,67.0,64.0,69.0,65.0,60.0,1.0,0.0
Laroon4.jpg,39.5,32.0,19.0,45.5,40.5,0.0,0.5
Constable37.jpg,46.0,43.0,34.0,42.0,53.0,0.0,0.0
Titian4.jpg,51.5,50.0,50.0,59.0,33.5,0.0,0.0
Chardin1.jpg,60.0,55.0,53.0,54.0,53.0,0.0,0.0
Cossiers1.jpg,44.0,32.5,45.0,33.5,28.5,0.0,0.5
Courbet13.jpg,50.0,52.5,43.0,51.5,50.0,0.0,0.0
Manet4.jpg,46.0,48.0,42.0,61.0,63.0,0.0,0.0
Chardin7.jpg,62.0,59.0,60.0,55.0,43.0,0.0,0.0
Castagneto1.jpg,64.0,56.0,62.0,74.0,74.0,1.0,4.0
ElGreco8.jpg,46.0,37.0,51.0,43.0,27.0,0.0,0.0
Carriere1.jpg,39.5,45.5,50.0,49.0,46.0,0.0,0.0
GheeraertsYounger1.jpg,40.0,28.0,27.0,39.0,29.0,0.0,0.0
Vuillard5.jpg,50.5,41.0,35.0,56.5,45.5,0.5,1.0
Drost1.jpg,30.5,26.0,33.5,32.5,21.0,0.0,0.0
Stanzione1.jpg,60.5,64.5,57.0,63.5,56.5,1.0,2.5
Pynacker1.jpg,51.0,46.0,55.0,69.0,39.0,0.0,0.0
Durer11.jpg,46.0,30.0,58.0,44.0,29.0,1.0,0.0
Eakins6.jpg,66.0,59.0,66.0,58.5,54.5,0.0,0.0
Hassam7.jpg,84.0,86.0,76.0,89.0,86.0,1.0,1.0
Herring6.jpg,50.0,42.0,52.0,45.0,38.0,2.0,2.0
Jordaens6.jpg,60.0,55.0,67.0,59.0,44.0,0.0,0.0
Rembrandt14.jpg,53.0,42.0,55.0,41.0,30.0,0.0,0.0
TeniersYounger8.jpg,56.0,59.0,74.0,70.0,68.0,0.0,0.0
Cezanne4.jpg,51.0,52.0,73.0,67.0,70.0,0.0,0.0
Mauve2.jpg,53.0,48.0,53.0,50.0,50.0,0.0,1.0
CamilleCorot4.jpg,47.0,48.0,30.0,62.0,52.0,0.0,0.0
Elinga1.jpg,55.0,50.0,51.0,62.5,51.0,0.5,0.0
Ingres4.jpg,54.0,44.0,57.0,46.0,36.0,0.0,0.0
CamilleCorot9.jpg,59.0,63.0,57.0,57.0,66.0,0.0,0.0
Chardin3.jpg,59.0,52.0,58.0,58.0,66.0,1.0,2.0
Bonheur1.jpg,63.0,42.0,69.0,74.0,33.0,0.0,0.0
Murillo1.jpg,60.5,62.0,79.5,65.0,64.0,0.5,0.5
Leyster2.jpg,59.0,51.0,55.5,55.0,60.5,0.0,0.0
Cassatt2.jpg,73.0,50.0,73.0,49.5,55.5,0.0,0.0
Bol1.jpg,57.0,46.0,54.0,49.0,48.0,0.0,0.0
Preti2.jpg,58.0,40.0,57.0,71.0,28.0,0.0,0.0
Danby12.jpg,40.0,55.0,50.0,40.0,50.0,0.0,0.0
Altdorfer 1.jpg,59.0,55.0,82.0,63.0,42.0,0.0,0.0
Degas1.jpg,49.5,51.5,50.5,49.0,51.0,0.0,0.0
Fragonard1.jpg,61.0,59.0,74.0,65.0,52.0,0.0,0.0
Constable2.jpg,71.0,79.0,77.0,85.0,79.0,0.0,0.0
Monet16.jpg,51.0,51.5,50.0,58.5,51.0,0.5,1.0
LouisDavid6.jpg,63.0,60.0,64.0,64.0,52.0,1.0,0.0
Maes1.jpg,64.0,67.0,78.0,88.0,58.5,0.0,0.0
Redon6.jpg,44.0,62.0,79.0,44.0,53.0,0.0,0.0
MerrittChase2.jpg,47.0,50.0,36.0,49.0,56.0,0.0,0.0
RipplRonai1.jpg,44.0,48.5,49.5,51.0,42.5,0.0,0.0
Segantini1.jpg,57.0,68.5,72.5,65.0,63.5,0.0,0.0
Poussin16.jpg,61.0,52.0,60.0,58.0,34.0,0.0,0.0
Gerstl2.jpg,38.0,47.0,51.0,31.0,49.0,0.0,1.0
Pissarro5.jpg,63.0,69.0,61.0,59.5,60.0,0.0,0.0
Tintoretto4.jpg,50.0,46.0,52.0,50.0,41.0,0.0,0.0
Becker2.jpg,52.0,42.0,53.0,53.0,47.0,0.0,0.0
Renoir15.jpg,63.0,60.0,60.0,61.0,81.0,0.0,0.0
Rusinol9.jpg,71.0,80.5,88.0,91.5,69.5,0.0,0.0
Caillebotte8.jpg,79.0,67.0,65.0,88.0,78.0,1.0,1.0
Constable9.jpg,62.0,56.0,53.0,71.0,73.0,1.0,1.0
Monet6.jpg,80.0,85.0,82.0,71.0,88.0,9.0,32.0
Zoffany3.jpg,62.0,55.0,71.0,59.0,50.0,1.0,1.0
Vouet1.jpg,59.0,55.0,55.0,72.0,51.0,0.0,0.0
Canaletto6.jpg,80.0,70.0,80.0,81.0,80.0,1.0,0.0
VanGogh26.jpg,58.5,59.0,65.0,60.5,49.0,94.5,98.0
Monet15.jpg,51.5,48.0,50.0,48.0,60.5,0.0,0.0
vonMenzel2.jpg,73.0,58.0,75.0,78.5,49.0,0.0,0.0
Surikov4.jpg,62.0,54.0,52.0,74.0,50.0,0.0,0.0
Constable56.jpg,66.0,67.0,76.0,50.0,75.0,0.0,0.0
Prendergast1.jpg,50.0,50.0,53.0,50.0,42.0,0.0,0.0
Saenredam7.jpg,68.0,55.0,74.0,52.0,50.0,1.0,1.0
Manet3.jpg,63.0,66.0,60.0,79.0,70.0,0.0,0.0
TeniersYounger9.jpg,38.0,25.0,50.0,50.0,37.0,0.0,0.0
Homer2.jpg,68.0,68.0,71.0,79.0,71.0,1.0,1.0
vandeVenne2.jpg,63.0,67.0,64.0,63.0,70.0,0.0,0.0
Monet37.jpg,44.0,38.0,27.0,25.0,56.0,1.0,1.0
Rembrandt20.jpg,35.5,36.5,22.0,58.0,29.5,0.5,0.0
FranzMarc5.jpg,58.0,31.0,76.0,50.0,27.0,0.0,0.0
Dou1.jpg,67.5,68.0,74.0,70.0,66.0,0.0,0.5
Barocci1.jpg,53.0,49.0,54.0,29.0,37.0,1.0,1.0
Gestel1.jpg,38.0,36.0,38.0,26.0,28.0,1.0,1.0
Cross1.jpg,64.0,38.0,62.0,63.0,62.0,0.0,0.0
Zoffany4.jpg,56.0,50.5,71.0,75.0,62.0,0.5,0.0
Rembrandt37.jpg,44.5,21.0,24.5,51.5,21.0,1.5,1.5
Murillo7.jpg,62.0,49.0,64.0,61.0,41.0,1.0,0.0
Zoffany8.jpg,58.0,50.0,63.0,69.0,55.0,0.0,0.0
Leyster1.jpg,48.5,39.0,52.0,55.0,57.0,1.0,0.5
Surikov2.jpg,51.0,57.0,36.0,65.0,31.0,0.0,0.0
Repin2.jpg,50.0,59.0,63.0,81.0,47.5,1.0,1.0
Holbein2.jpg,46.0,26.0,67.0,50.0,37.0,1.0,1.0
ChristianDahl4.jpg,73.0,66.0,65.0,74.0,82.0,1.0,0.0
Veronese13.jpg,72.0,60.0,73.0,60.0,61.0,0.0,0.0
Zurbaran4.jpg,62.0,38.0,47.0,50.0,27.0,0.0,0.0
Jansz1.jpg,56.0,52.0,58.0,57.0,46.0,1.0,1.0
Veronese4.jpg,48.0,38.5,61.5,55.0,36.5,0.0,0.0
Holbein1.jpg,53.0,45.0,51.0,51.0,50.0,2.0,2.0
Catena2.jpg,51.0,38.0,57.0,35.0,35.0,0.0,1.0
Cassatt10.jpg,76.0,69.0,81.0,89.0,73.0,0.0,0.0
Munnichhoven1.jpg,58.0,65.0,75.0,61.0,58.5,0.0,0.0
Aertsen1.jpg,57.0,40.0,79.0,45.0,50.0,0.0,0.0
BenjaminWest4.jpg,53.0,48.0,33.0,54.0,25.0,2.0,1.0
Runge1.jpg,46.5,47.5,56.5,66.0,52.5,0.0,0.0
Jordaens2.jpg,54.0,56.0,68.0,62.0,67.0,1.0,1.0
Veronese5.jpg,54.5,46.0,48.5,53.0,35.5,0.0,0.0
ToulouseLautrec5.jpg,45.0,40.0,40.0,49.0,47.0,0.0,0.0
Borch1.jpg,55.0,57.0,64.0,60.0,60.0,0.0,0.0
Constable36.jpg,51.0,36.0,50.0,51.0,50.0,0.0,0.0
vanRuisdael6.jpg,55.0,65.5,50.5,62.5,57.0,0.5,0.5
Rembrandt38.jpg,64.5,61.0,62.0,64.0,50.5,0.0,0.0
Alcazar3.jpg,68.5,70.5,61.5,63.0,53.0,0.0,0.5
Cezanne15.jpg,49.0,40.5,50.0,50.0,29.5,1.0,1.0
Bruegel6.jpg,57.0,55.0,64.0,61.0,50.0,1.0,1.0
TRousseau1.jpg,62.0,67.5,68.0,64.0,63.5,0.0,0.0
Rembrandt33.jpg,54.0,41.0,53.0,61.0,34.0,0.0,0.0
Durer7.jpg,45.5,33.0,53.0,50.0,28.0,0.0,0.0
Boel2.jpg,40.0,34.0,39.0,39.0,51.0,0.0,0.0
Renoir16.jpg,65.0,79.0,81.0,69.0,74.0,0.0,4.0
vanRuisdael4.jpg,65.0,63.0,67.5,60.5,63.0,0.0,0.0
Holbein6.jpg,45.0,35.0,55.5,30.5,32.0,0.5,0.0
Csontvary1.jpg,63.0,69.0,76.0,73.0,76.5,1.0,0.5
Steen1.jpg,53.0,59.0,62.0,74.0,50.0,0.0,0.0
Pollard10.jpg,51.0,45.0,47.0,51.0,39.0,1.0,1.0
Goya5.jpg,55.0,55.0,69.0,42.0,50.0,1.0,1.0
Ziem3.jpg,71.0,76.0,76.0,74.0,73.0,0.0,0.0
Steele2.jpg,65.0,73.0,72.0,76.0,76.0,0.0,0.0
Caracciolo1.jpg,67.0,49.0,57.0,50.0,32.0,1.0,1.0
Mauve5.jpg,81.0,74.0,76.0,74.5,63.0,0.0,0.0
Gauguin24.jpg,50.0,37.0,37.0,50.0,42.0,0.0,0.0
Eakins9.jpg,53.0,47.0,44.0,45.0,44.0,0.0,0.0
Pissarro10.jpg,71.0,72.0,74.5,80.5,73.5,0.5,0.0
Rubens7.jpg,40.0,45.0,50.0,50.0,24.0,0.0,0.0
vandeVeldeYounger1.jpg,69.5,69.0,70.0,65.5,74.5,0.0,0.0
vanDyck16.jpg,61.0,43.0,41.5,41.5,34.0,0.0,0.0
Kalf1.jpg,48.5,33.0,37.5,63.5,45.5,0.0,0.0
CamilleCorot6.jpg,54.0,58.0,50.0,65.0,61.0,0.0,0.0
TeniersYounger2.jpg,55.0,56.0,59.5,64.5,57.5,0.0,0.0
Brull1.jpg,80.0,85.0,77.5,86.0,82.0,0.0,0.0
Velazquez6.jpg,50.0,45.0,58.0,39.0,41.0,0.0,0.0
Rembrandt27.jpg,65.0,55.0,64.0,69.0,62.0,1.0,1.0
vanderNeer1.jpg,66.0,59.0,65.0,66.0,59.0,0.0,0.0
Renoir32.jpg,57.0,59.0,51.0,49.0,64.0,1.0,1.0
Rigaud4.jpg,47.0,41.5,66.5,52.0,38.0,0.0,0.0
Boudin5.jpg,50.0,50.0,51.0,30.0,50.0,0.0,0.0
Rombouts1.jpg,59.5,52.0,57.0,76.5,59.0,0.0,0.0
Cuyp7.jpg,58.0,56.0,71.0,61.0,52.0,1.0,1.0
Vermeer5.jpg,66.0,69.0,77.0,80.0,53.0,0.0,0.0
Aivazovsky1.jpg,71.0,85.0,77.0,79.0,85.0,0.0,0.0
Ingres3.jpg,63.0,61.0,66.0,84.0,63.0,0.0,0.0
Poussin15.jpg,63.0,50.0,61.0,66.0,37.0,2.0,1.0
Degas15.jpg,59.0,58.0,52.0,73.0,57.0,0.0,0.0
Gauguin4.jpg,48.0,48.0,49.0,40.0,49.0,0.0,1.0
Homer5.jpg,69.0,50.0,63.0,67.0,44.0,2.0,2.0
CamilleCorot12.jpg,72.0,76.0,87.0,84.0,75.0,0.0,0.0
vanLoo2.jpg,57.0,47.0,58.0,52.0,26.0,1.0,1.0
Monet9.jpg,51.0,56.0,73.0,50.0,61.0,0.0,3.0
Morisot2.jpg,62.0,64.0,64.0,77.0,65.0,0.0,0.0
Cezanne13.jpg,52.0,45.0,54.0,58.0,58.0,1.0,1.0
Kneller1.jpg,57.0,44.0,51.0,53.0,50.0,0.0,0.0
vanSchooten1.jpg,59.0,58.0,60.0,69.0,61.0,0.0,0.0
Constable19.jpg,59.0,62.0,59.0,58.0,64.0,0.0,0.0
Rusinol8.jpg,50.0,52.0,51.0,55.0,68.0,0.0,0.0
Manet20.jpg,50.0,53.0,50.0,66.0,50.0,0.0,0.0
LouisDavid8.jpg,61.5,54.0,47.0,55.5,42.0,2.0,1.5
Copley2.jpg,64.0,62.0,72.5,61.0,54.0,0.0,0.0
Constable39.jpg,59.0,68.0,50.0,65.0,64.0,1.0,0.0
Titian12.jpg,71.0,52.0,62.0,74.0,35.0,0.0,0.0
Avercamp2.jpg,54.0,56.0,59.0,54.0,57.0,1.0,1.0
Ricci1.jpg,52.0,34.0,50.0,51.0,50.0,2.0,1.0
LeSidaner2.jpg,44.0,51.0,41.0,50.0,52.0,0.0,0.0
Kramskoi2.jpg,63.0,50.0,55.0,43.0,50.0,0.0,0.0
vanderNeer2.jpg,68.0,69.0,74.0,91.0,78.0,1.0,0.0
Rousseau4.jpg,39.0,31.0,56.0,39.0,51.0,0.0,0.0
Pollard9.jpg,65.0,54.0,55.0,53.0,48.0,0.0,0.0
Herring7.jpg,53.0,44.5,41.5,51.5,37.0,0.0,0.0
BenjaminWest9.jpg,60.0,47.0,54.0,58.0,60.0,0.0,0.0
BenjaminWest5.jpg,59.0,52.0,75.0,56.0,37.0,1.0,0.0
McTaggart1.jpg,62.0,72.0,87.0,84.0,76.0,0.0,0.0
Fetti2.jpg,61.0,49.0,61.0,69.0,35.0,0.0,0.0
Herring8.jpg,39.5,37.5,52.5,53.0,21.5,0.0,0.0
Kirchner4.jpg,48.5,48.5,40.0,48.5,47.5,0.0,0.0
Nonell7.jpg,47.5,36.5,39.0,51.0,50.0,0.0,0.0
Goya4.jpg,50.0,33.0,50.0,51.0,44.0,0.0,0.0
Constable7.jpg,65.0,59.0,62.0,46.0,64.0,1.0,1.0
Kiprensky2.jpg,52.0,43.0,55.0,53.0,40.0,0.0,1.0
Cuyp5.jpg,71.0,62.0,64.0,64.0,74.0,0.0,0.0
Gainsborough8.jpg,47.5,32.5,40.5,26.5,33.5,1.0,1.0
vanRuysdael3.jpg,76.0,73.0,69.0,73.0,70.0,1.0,1.0
RipplRonai2.jpg,68.0,58.0,73.0,60.0,58.0,1.0,0.0
Courbet2.jpg,43.0,29.0,26.5,41.5,38.0,0.0,0.0
Hassam2.jpg,78.5,76.5,95.0,75.0,93.0,1.0,1.5
CamilleCorot3.jpg,59.0,52.0,55.0,67.0,57.0,0.0,1.0
Constable47.jpg,56.0,62.0,61.5,67.0,71.0,0.0,0.0
Procaccini2.jpg,69.5,65.0,61.5,50.0,46.0,0.0,0.0
Manet13.jpg,56.0,47.0,54.0,50.0,54.0,2.0,1.0
Rembrandt19.jpg,66.0,57.0,51.0,82.0,65.0,0.0,1.0
Latour6.jpg,63.5,61.5,62.5,74.5,56.0,0.0,0.0
Tintoretto6.jpg,39.0,32.0,43.0,45.0,17.0,1.0,1.0
Rubens6.jpg,57.0,39.0,55.0,63.0,35.0,5.0,1.0
Reni3.jpg,64.0,67.0,68.0,68.0,45.0,0.0,0.0
Ingres6.jpg,79.0,70.5,69.0,81.5,51.5,1.0,1.0
Brugghen2.jpg,60.5,43.0,51.5,55.0,28.5,0.0,0.0
Poussin7.jpg,49.0,50.5,65.5,53.0,41.0,0.0,0.0
Bruegel1.jpg,69.0,72.0,85.0,90.0,82.0,0.0,0.0
vanRuisdael7.jpg,67.5,72.0,69.5,74.0,70.5,0.0,0.0
Cavallino1.jpg,45.0,27.0,36.0,40.0,15.0,0.0,0.0
Monet14.jpg,65.0,58.0,61.0,59.0,63.0,0.0,46.0
Mengs2.jpg,56.0,38.0,52.0,50.5,32.5,0.0,0.0
Millet4.jpg,52.0,37.0,33.0,54.0,43.0,1.0,1.0
deChavannes4.jpg,77.5,74.0,54.0,73.5,62.5,0.0,0.0
Rigaud2.jpg,62.0,50.0,65.0,68.0,58.0,1.0,2.0
Sisley2.jpg,78.0,65.0,56.0,76.0,68.0,1.0,1.0
Vaccaro1.jpg,59.0,41.0,41.0,50.0,34.0,0.0,0.0
Rembrandt5.jpg,42.5,42.0,33.5,58.0,29.5,0.0,0.0
Renoir3.jpg,60.0,67.0,73.0,62.0,67.5,0.5,1.0
Eakins7.jpg,64.0,63.0,62.0,66.0,53.0,0.0,0.0
Degas11.jpg,50.0,50.0,30.0,54.0,50.0,1.0,2.0
Bocklin3.jpg,42.0,36.5,48.0,41.0,25.5,0.0,0.0
vanHaarlem1.jpg,50.0,42.0,42.0,44.0,12.0,1.0,2.0
Courbet16.jpg,61.0,75.0,68.0,77.0,80.5,0.0,1.0
Cezanne22.jpg,37.0,28.0,33.0,18.0,50.0,0.0,0.0
Cezanne30.jpg,45.0,31.0,44.0,22.0,21.0,0.0,0.0
Wuchters1.jpg,56.0,31.0,66.0,35.0,32.0,0.0,0.0
Monet11.jpg,74.5,71.0,82.5,69.0,73.0,0.0,0.0
Veronese10.jpg,54.0,53.0,47.0,58.0,45.0,2.0,1.0
Redon7.jpg,42.0,51.5,43.5,27.5,50.0,0.0,0.5
Giorgione6.jpg,52.0,44.0,63.0,68.0,47.0,0.0,0.0
vanDyck7.jpg,44.0,37.0,52.0,41.0,28.0,0.0,0.0
Cezanne9.jpg,52.5,51.5,51.0,45.5,50.0,0.0,1.0
Kirchner2.jpg,24.0,18.0,18.0,25.0,39.0,0.0,0.0
Monet23.jpg,62.0,54.0,69.0,57.0,69.0,6.0,1.0
Borch6.jpg,57.0,53.0,55.0,54.0,55.0,1.0,0.0
Repin5.jpg,74.0,79.0,83.0,89.0,87.5,0.0,0.0
Nuvolone1.jpg,54.0,37.0,40.0,53.0,26.0,0.0,1.0
vanDyck3.jpg,50.0,29.0,43.0,49.0,27.0,1.0,0.0
Hals7.jpg,58.0,50.0,52.0,59.0,49.0,0.0,0.0
Lastman1.jpg,55.0,50.0,72.0,63.0,28.0,1.0,1.0
Delacroix1.jpg,36.0,30.5,36.5,38.0,31.0,1.0,1.0
vanRuisdael3.jpg,70.0,74.0,69.0,78.0,76.0,2.0,0.0
Canaletto10.jpg,70.0,69.0,74.0,73.0,68.0,1.0,0.0
deJongh1.jpg,72.0,69.0,51.0,73.0,72.0,0.0,0.0
Reynolds7.jpg,64.0,63.0,66.0,58.0,64.0,1.0,1.0
Degas2.jpg,63.5,53.0,55.0,60.5,71.5,0.0,1.0
HerreraElder1.jpg,47.0,36.0,49.0,48.0,33.0,0.0,0.0
Renoir7.jpg,69.0,76.0,76.0,59.0,66.0,0.0,0.0
Benson1.jpg,69.0,62.5,70.5,71.0,65.5,1.0,0.0
Monet1.jpg,62.0,64.5,61.0,58.5,55.5,20.5,43.5
Renoir18.jpg,36.5,32.0,24.5,43.5,52.5,0.5,0.0
vanOstade3.jpg,58.0,57.0,56.0,67.0,67.0,3.0,0.0
Hogarth1.jpg,67.0,61.0,71.0,73.0,66.0,0.0,0.0
Rigaud6.jpg,50.0,46.0,56.0,45.0,43.0,0.0,0.0
Constable55.jpg,27.0,23.0,31.0,33.0,22.0,0.0,0.0
Delacroix3.jpg,57.0,61.0,57.0,56.0,31.0,1.0,1.0
Constable38.jpg,47.0,62.0,47.0,53.0,51.0,1.0,1.0
Eakins8.jpg,62.0,55.0,67.0,62.0,44.0,0.0,0.0
vanDyck19.jpg,60.5,44.5,60.0,42.5,35.5,0.0,0.0
Gauguin7.jpg,63.0,36.0,54.0,31.0,37.0,1.0,1.0
Bronzino6.jpg,58.0,56.0,69.0,65.0,57.0,0.0,0.0
Cezanne28.jpg,53.0,56.0,60.0,59.0,65.0,0.0,0.0
Ziem1.jpg,83.0,91.0,93.0,91.0,90.0,1.0,1.0
Spranger1.jpg,54.0,40.0,61.0,61.0,50.0,0.0,0.0
Malharro5.jpg,50.0,49.0,44.0,44.0,64.0,0.0,0.0
Copley3.jpg,62.0,64.0,61.0,51.0,50.0,0.0,0.0
Monet12.jpg,53.0,50.0,60.0,49.0,50.0,3.0,3.0
Gainsborough3.jpg,60.0,58.0,65.0,53.0,58.0,0.0,0.0
Durer12.jpg,49.5,38.5,44.5,47.5,27.0,2.0,1.0
Tintoretto7.jpg,60.0,45.0,57.0,39.0,36.0,1.0,1.0
Zoffany10.jpg,64.0,58.0,51.0,51.0,52.0,1.0,1.0
Homer9.jpg,60.5,57.0,54.0,63.0,41.0,0.0,0.0
Vasari1.jpg,63.0,45.0,64.0,50.0,33.0,0.0,0.0
Constable18.jpg,68.0,73.0,71.0,70.0,73.0,0.0,0.0
Gelder1.jpg,49.0,41.0,51.0,50.0,41.0,0.0,0.0
Constable1.jpg,62.0,63.0,54.0,70.0,68.0,1.0,1.0
Caravaggio3.jpg,56.0,37.0,54.0,51.0,34.0,0.0,0.0
Sisley14.jpg,53.0,63.0,66.0,65.0,65.0,0.0,0.0
Hunter1.jpg,63.0,68.0,71.0,80.0,71.0,1.0,1.0
Liebermann4.jpg,72.5,70.5,65.0,79.0,82.0,1.0,1.0
Cezanne39.jpg,33.0,38.0,32.0,45.0,38.0,0.0,1.0
Constable17.jpg,34.0,36.5,31.5,70.0,36.0,0.0,0.0
Murillo6.jpg,71.5,66.0,65.5,73.5,56.0,0.5,0.0
Repin3.jpg,65.0,72.0,74.0,73.0,74.0,0.0,0.0
vanRuysdael1.jpg,68.0,64.0,57.0,56.5,59.0,0.0,0.0
Watteau4.jpg,56.0,56.0,58.0,68.0,50.0,0.0,0.0
Gerstl1.jpg,39.0,29.0,32.0,38.5,33.0,1.0,1.0
VanGogh14.jpg,42.0,65.0,79.0,59.0,51.0,99.0,13.0
Renoir34.jpg,56.0,56.0,74.0,50.0,51.0,1.0,3.0
LouisDavid5.jpg,56.0,56.0,69.0,70.0,45.0,1.0,0.0
Dossi2.jpg,57.0,41.0,57.0,49.0,19.0,1.0,1.0
Bramley1.jpg,69.0,63.0,81.0,83.0,80.0,1.0,0.0
vonSchwind1.jpg,63.0,63.0,60.0,66.0,67.0,0.0,0.0
deChavannes1.jpg,59.0,45.5,63.0,67.5,40.0,0.0,0.0
Cuyp1.jpg,66.0,66.5,67.0,71.5,65.0,0.5,0.0
vonMenzel3.jpg,60.0,58.0,59.0,78.0,50.0,1.0,1.0
Wouwerman2.jpg,57.0,63.0,68.0,60.0,44.0,1.0,1.0
Forte1.jpg,62.0,60.5,73.0,71.0,67.0,0.0,0.0
Cezanne25.jpg,59.0,64.0,75.0,54.0,58.0,1.0,1.0
Pissarro19.jpg,54.0,60.0,63.0,64.0,63.0,0.0,0.0
Tintoretto12.jpg,59.0,50.0,40.0,43.0,36.0,0.0,0.0
Cezanne29.jpg,60.0,57.0,68.0,67.0,63.0,1.0,2.0
Eakins12.jpg,58.0,43.0,65.0,67.0,39.0,1.0,1.0
Vermeer2.jpg,73.0,65.0,74.0,80.0,59.0,1.0,0.0
Rosa1.jpg,58.0,50.0,65.0,64.0,59.0,0.0,0.0
Murillo3.jpg,61.0,55.0,73.0,61.0,48.0,1.0,1.0
Liebermann1.jpg,59.0,46.0,41.0,59.0,27.5,0.0,0.0
deVriendt2.jpg,52.5,46.0,50.5,46.5,39.5,1.0,1.0
Cezanne27.jpg,37.0,28.0,28.0,25.0,26.0,1.0,1.0
Reynolds6.jpg,66.0,68.0,68.0,76.0,67.0,1.0,1.0
Titian3.jpg,50.0,47.0,64.0,50.0,42.0,0.0,0.0
Eakins11.jpg,62.5,62.5,40.5,73.5,67.5,0.0,0.0
Rusinol5.jpg,59.5,63.5,68.0,55.5,52.0,0.5,0.5
Bocklin1.jpg,70.0,69.0,77.0,81.0,83.0,0.0,0.0
Hassam4.jpg,60.0,77.0,74.0,76.0,65.0,0.0,0.0
Fetti1.jpg,75.5,59.5,64.5,58.0,63.5,0.0,0.0
Guillaumin2.jpg,61.0,66.0,72.0,69.0,61.0,0.0,0.0
Canaletto12.jpg,60.0,66.0,70.0,83.0,74.0,0.0,0.0
Manfredi1.jpg,61.0,53.5,55.0,61.0,42.5,0.0,0.0
Monet32.jpg,61.0,65.0,60.0,66.0,64.0,0.0,1.0
Parmigianino1.jpg,59.0,49.0,47.0,41.0,39.0,0.0,0.0
FranzMarc3.jpg,50.0,45.0,48.0,37.0,45.0,0.0,2.0
Tintoretto17.jpg,50.0,41.0,55.0,60.0,43.0,0.0,0.0
Pissarro8.jpg,56.0,48.0,50.0,50.5,43.0,0.0,0.0
VanGogh4.jpg,58.5,49.5,44.5,35.5,46.0,1.0,1.0
Sisley10.jpg,62.5,53.0,61.0,56.0,61.0,0.0,0.0
Corinth2.jpg,55.0,57.0,63.0,57.0,50.0,0.0,0.0
vanOstade1.jpg,44.0,40.0,40.0,40.0,40.0,1.0,1.0
Steen4.jpg,64.0,66.0,65.0,65.0,64.0,2.0,2.0
Renoir24.jpg,66.0,58.0,56.5,70.5,68.5,0.0,0.0
Malharro4.jpg,54.0,67.0,72.5,52.0,57.5,0.0,0.5
Chasseriau1.jpg,70.0,67.0,66.0,63.0,60.0,0.0,0.0
Empoli1.jpg,66.0,55.0,68.5,63.0,60.0,0.0,0.0
Gerard1.jpg,67.0,73.0,91.0,83.0,62.0,0.0,0.0
vanVries1.jpg,74.0,74.0,89.0,86.0,74.0,0.0,0.0
Bryullov1.jpg,65.0,60.0,60.0,63.0,59.0,1.0,1.0
Titian8.jpg,58.0,50.0,45.0,50.0,44.5,1.0,0.5
Pollard6.jpg,61.5,59.5,63.5,49.5,55.0,1.0,0.5
Wyck1.jpg,58.0,49.0,41.0,65.5,50.5,0.0,0.0
Turner4.jpg,55.0,68.0,54.0,65.0,62.0,0.0,0.0
Constable20.jpg,40.0,27.0,37.0,23.0,28.0,1.0,0.0
Renoir21.jpg,45.0,54.0,53.0,47.5,50.5,1.0,1.0
Bernard2.jpg,41.0,27.0,50.0,31.0,43.0,0.0,0.0
Poussin17.jpg,71.0,54.0,69.5,69.5,46.0,0.0,0.0
Bruegel5.jpg,46.0,62.0,62.0,61.0,61.0,0.0,0.0
Boudin3.jpg,72.0,75.0,74.0,66.0,79.0,0.0,0.0
Watts3.jpg,61.0,51.0,56.5,64.5,48.5,0.0,0.0
Gauguin13.jpg,43.0,23.0,58.0,47.0,26.0,1.0,1.0
Rizi1.jpg,54.0,40.0,32.5,40.5,34.0,0.0,0.0
Gauguin25.jpg,42.0,57.0,60.0,50.0,43.0,0.0,0.0
TeniersYounger6.jpg,40.0,40.0,53.0,45.0,45.0,1.0,1.0
Giersing1.jpg,53.0,31.0,41.0,49.0,47.0,0.0,1.0
Vasnetsov1.jpg,69.0,84.0,86.0,94.0,86.0,0.0,0.0
Durer9.jpg,63.0,50.0,62.0,54.0,45.0,2.0,1.0
Giordano5.jpg,61.0,46.0,53.0,57.0,33.0,0.0,0.0
Monet35.jpg,63.0,70.0,59.0,76.0,67.0,0.0,24.0
Cezanne2.jpg,50.0,50.0,72.0,69.0,60.0,0.0,0.0
Lely6.jpg,45.0,29.0,34.0,44.0,28.0,0.0,0.0
Beert1.jpg,71.0,74.0,77.0,74.0,77.0,0.0,0.0
Rembrandt40.jpg,53.0,43.0,40.0,70.0,44.0,2.0,1.0
Velazquez7.jpg,42.0,37.0,33.0,42.0,33.0,1.0,1.0
Amigoni1.jpg,64.5,51.0,59.0,53.0,36.0,1.0,1.0
Monet21.jpg,55.0,50.0,48.5,70.0,55.0,12.0,26.0
Franceschini1.jpg,61.5,60.5,69.0,65.0,50.5,0.0,0.0
delPiombo5.jpg,61.5,51.5,52.5,45.0,43.5,1.0,1.0
Oliver1.jpg,49.0,33.5,53.0,52.5,23.0,0.0,0.0
deJongh2.jpg,71.0,64.5,54.5,70.5,75.5,0.5,0.5
Bronzino4.jpg,62.0,51.0,68.0,62.0,56.0,0.0,0.0
MerrittChase3.jpg,65.0,81.0,81.0,74.0,84.0,0.0,0.0
Rubens1.jpg,62.0,50.0,57.0,58.0,30.0,1.0,0.0
Poussin20.jpg,63.5,52.5,57.0,57.5,59.0,0.0,0.0
Reynolds10.jpg,50.0,47.0,64.5,43.5,42.0,0.0,0.0
vanBeijeren2.jpg,61.0,42.0,46.0,71.0,66.0,0.0,0.0
Monet34.jpg,53.0,46.0,69.0,48.0,71.0,0.0,1.0
Watteau1.jpg,54.0,60.0,58.5,60.5,61.5,0.0,0.0
Cezanne31.jpg,34.0,27.0,23.0,27.0,26.0,0.0,0.0
Hals1.jpg,55.0,46.0,39.5,53.0,45.0,0.0,1.0
BenjaminWest13.jpg,66.0,64.0,60.0,54.0,52.0,0.0,0.0
Redon5.jpg,60.0,77.0,79.0,74.0,71.0,0.0,0.0
Boudin4.jpg,62.0,62.0,54.0,68.0,61.0,0.0,0.0
Earl2.jpg,59.0,54.5,55.0,53.0,47.5,0.0,0.0
Cerezo1.jpg,55.5,53.0,60.0,45.0,36.0,0.0,0.0
Chardin6.jpg,49.0,39.5,51.5,44.5,47.5,0.0,0.0
Herring5.jpg,67.5,51.5,70.5,41.0,46.0,0.0,0.0
Metsu1.jpg,53.5,43.5,43.0,65.5,48.0,1.0,1.0
Danby11.jpg,77.0,79.0,71.0,77.0,59.0,0.0,0.0
Vasnetsov3.jpg,68.5,70.5,79.5,79.0,61.0,1.0,1.0
ToulouseLautrec4.jpg,43.0,50.0,51.0,55.0,44.0,2.0,2.0
Cortona2.jpg,72.0,63.0,74.0,69.0,65.0,0.0,0.0
Dossi1.jpg,85.0,62.0,86.0,65.0,48.0,0.0,0.0
Arcimboldo3.jpg,54.0,32.0,76.0,58.0,49.0,39.0,1.0
Herring1.jpg,69.0,60.0,69.0,67.0,59.0,0.0,0.0
Pissarro22.jpg,56.5,54.0,60.5,66.5,58.5,1.0,1.0
deRibera2.jpg,61.5,56.0,51.5,63.5,54.0,0.0,0.0
Sisley13.jpg,53.0,47.5,58.0,48.0,53.5,0.0,0.0
Gainsborough4.jpg,56.0,42.0,51.0,56.0,45.0,0.0,0.0
DavidFriedrich3.jpg,58.5,55.5,46.5,43.0,71.0,1.0,1.0
Gainsborough2.jpg,58.5,50.5,57.0,52.5,59.5,1.0,1.0
deHooch1.jpg,66.0,60.0,73.0,72.0,59.0,0.0,0.0
Giorgione3.jpg,66.0,63.0,76.0,70.0,65.5,0.0,0.0
Wyck3.jpg,55.0,46.0,49.0,57.0,48.0,0.0,0.0
Frieseke2.jpg,62.0,63.0,72.0,62.0,62.0,1.0,1.0
Lotto1.jpg,67.0,59.0,63.0,63.0,50.0,0.0,0.0
Carracci1.jpg,68.0,61.0,58.0,64.0,49.0,0.0,0.0
Gargiulo1.jpg,60.5,50.0,43.0,58.0,52.0,5.0,4.5
Velazquez1.jpg,60.0,43.0,71.0,65.0,58.0,1.0,1.0
Hogarth5.jpg,44.0,43.0,37.0,42.0,37.0,0.0,0.0
Constable26.jpg,54.0,59.0,54.0,74.0,68.0,0.0,0.0
Monet19.jpg,45.5,40.0,64.0,48.0,41.5,1.0,70.0
Herring2.jpg,54.0,43.0,52.0,50.0,28.0,0.0,0.0
Cezanne5.jpg,54.0,50.0,53.0,53.0,53.0,1.0,1.0
FranckenYounger1.jpg,59.5,61.5,64.5,71.5,61.0,1.0,1.0
Pissarro18.jpg,74.0,80.5,83.5,63.5,79.5,0.0,0.0
vanDyck13.jpg,50.0,43.0,53.0,47.0,34.0,1.0,1.0
Constable43.jpg,50.0,34.0,43.0,27.0,43.0,2.0,2.0
Constable13.jpg,64.0,64.0,73.0,67.0,63.0,0.0,0.0
Renoir10.jpg,53.0,57.0,63.0,54.0,52.0,0.0,0.0
Hassam10.jpg,71.0,74.0,74.0,87.0,72.0,0.0,1.0
BenjaminWest1.jpg,66.0,55.5,65.0,55.0,49.5,0.0,0.0
Tintoretto2.jpg,58.5,40.5,60.0,42.0,23.0,0.5,0.0
MerrittChase7.jpg,63.5,69.5,78.5,69.0,78.0,0.0,0.0
Eakins1.jpg,72.0,58.0,60.0,85.0,59.0,2.0,0.0
Constable5.jpg,65.0,68.0,69.0,72.0,71.0,0.0,0.0
Steen2.jpg,43.0,34.0,40.0,61.0,50.0,0.0,0.0
Cesari2.jpg,68.5,65.0,64.0,75.0,71.0,0.0,0.0
Reynolds13.jpg,50.0,38.0,24.0,28.0,33.0,1.0,1.0
Steen13.jpg,48.5,48.0,64.5,54.0,42.0,1.0,1.0
vanRuisdael9.jpg,58.0,50.0,47.0,58.0,67.0,0.0,0.0
Vermeer7.jpg,62.0,60.0,74.0,60.0,62.0,0.0,0.0
ElGreco11.jpg,43.5,25.0,41.0,27.0,20.5,0.0,0.0
Caillebotte6.jpg,73.5,75.0,77.5,76.5,67.5,1.0,1.0
Constable12.jpg,52.0,44.0,54.0,63.0,51.0,0.0,0.0
Monet39.jpg,38.5,38.0,33.0,37.5,33.0,0.5,1.0
LeBrun3.jpg,55.0,46.0,51.0,61.0,32.0,0.0,0.0
Saftleven1.jpg,43.0,60.0,47.0,72.0,53.0,1.0,1.0
Courbet7.jpg,60.5,56.5,72.5,56.5,55.0,0.0,0.0
Degas12.jpg,42.0,18.0,14.0,31.0,29.0,0.0,0.0
Reynolds4.jpg,62.0,54.0,72.0,61.0,61.0,0.0,0.0
Goya9.jpg,59.5,59.0,60.5,56.0,54.5,0.0,0.0
Claesz2.jpg,76.0,60.0,69.0,70.0,65.0,0.0,0.0
Constable28.jpg,63.0,73.0,66.0,68.0,64.0,0.0,0.0
Snyders1.jpg,55.0,49.5,59.0,72.0,26.0,1.0,0.5
Constable40.jpg,52.0,50.0,64.0,58.0,42.0,0.0,0.0
Bol2.jpg,51.0,44.0,44.0,49.0,48.0,0.0,0.0
Durer3.jpg,59.0,47.0,58.0,43.0,39.0,0.0,0.0
Magnasco2.jpg,66.5,58.5,52.0,78.0,61.0,0.0,0.0
Rembrandt4.jpg,65.0,50.0,61.0,71.0,50.0,0.0,0.0
Signac7.jpg,62.0,74.0,64.0,80.0,74.0,0.0,0.0
Vuillard4.jpg,51.5,55.5,60.5,50.0,62.0,0.0,0.0
Guercino5.jpg,50.0,28.0,40.0,37.0,17.0,0.0,0.0
Moreau1.jpg,60.5,58.5,64.5,63.5,51.5,0.0,0.0
Manet18.jpg,68.0,66.0,52.0,67.0,63.0,0.0,1.0
Giaquinto1.jpg,59.0,47.0,60.0,54.0,37.0,1.0,1.0
deKeyser1.jpg,51.0,36.0,55.0,41.0,32.0,0.0,0.0
Cezanne23.jpg,30.0,19.0,29.0,13.0,17.0,0.0,0.0
Renoir26.jpg,53.0,44.0,40.0,56.0,50.0,0.0,1.0
Bronzino3.jpg,70.0,60.0,80.5,59.5,47.0,1.5,1.5
Eworth1.jpg,48.0,31.0,50.0,32.0,20.0,0.0,0.0
deHooch3.jpg,63.0,62.0,73.0,71.0,62.0,0.0,0.0
Degas5.jpg,59.0,39.0,50.0,53.0,35.0,0.0,0.0
Canaletto11.jpg,73.0,77.0,68.5,75.5,78.0,0.5,0.5
Verspronck1.jpg,60.0,50.5,64.5,45.5,49.0,0.0,0.0
Jawlensky2.jpg,40.0,49.0,37.0,28.0,37.0,0.0,1.0
Kirchner3.jpg,36.0,36.0,53.0,37.0,40.0,0.0,0.0
Zurbaran3.jpg,38.0,35.0,27.0,43.0,25.0,0.0,0.0
Renoir6.jpg,61.0,59.5,50.5,66.5,58.5,0.0,0.0
Cezanne20.jpg,60.0,60.0,65.0,52.0,54.0,1.0,0.0
VanGogh25.jpg,58.0,52.0,70.0,45.0,47.0,99.0,21.0
Vasari2.jpg,60.0,54.0,60.0,55.0,50.0,0.0,0.0
Reynolds17.jpg,65.0,56.0,57.0,62.0,62.0,0.0,0.0
Lely5.jpg,55.0,46.0,53.0,55.0,34.0,1.0,1.0
Manet8.jpg,64.0,67.0,63.0,77.0,67.0,1.0,1.0
Cavallino2.jpg,47.5,40.0,51.0,53.5,32.5,0.0,0.0
Nonell9.jpg,43.0,22.0,31.0,51.0,40.0,1.0,1.0
CamilleCorot5.jpg,57.5,58.5,53.0,64.0,52.0,1.5,2.0
Gauguin10.jpg,57.0,54.0,66.0,52.0,50.0,1.0,1.0
Luce2.jpg,58.5,59.0,59.0,70.5,70.0,0.0,0.0
Velazquez8.jpg,56.0,48.0,66.5,54.5,61.5,1.0,1.0
Klee2.jpg,43.5,48.5,72.0,49.0,47.5,2.0,2.0
Rusinol12.jpg,54.0,58.0,43.0,49.0,37.0,0.0,0.0
Overbeck1.jpg,55.0,37.0,45.0,58.0,26.0,1.0,2.0
vonBecker3.jpg,45.0,50.0,61.0,55.0,55.0,0.0,0.0
Courbet8.jpg,55.0,50.0,50.0,55.0,58.0,0.0,0.0
Tiepolo3.jpg,54.0,52.0,51.0,66.0,43.0,1.0,1.0
Leyster3.jpg,59.0,65.0,67.0,73.0,60.0,0.0,0.0
Cezanne34.jpg,50.0,36.0,44.0,37.5,42.0,0.0,0.0
Canaletto15.jpg,72.0,73.0,61.0,66.5,82.0,0.0,0.0
VanGogh22.jpg,57.0,48.0,62.0,50.0,52.0,0.0,0.0
delPiombo1.jpg,50.0,50.0,58.0,51.0,42.0,0.0,0.0
Reynolds8.jpg,68.0,56.0,68.0,54.0,49.0,0.0,0.0
Reid1.jpg,81.0,85.0,90.0,89.0,83.0,0.0,0.0
vonSchwind2.jpg,62.0,58.5,70.0,74.5,57.5,0.0,0.0
Cezanne40.jpg,44.0,49.0,55.0,49.5,50.0,0.0,1.0
Guercino4.jpg,58.0,58.0,70.0,59.0,48.0,0.0,0.0
Homer7.jpg,61.0,53.0,58.0,65.0,55.0,0.0,0.0
ToulouseLautrec1.jpg,61.0,54.0,44.0,66.0,62.0,0.0,1.0
Vuillard11.jpg,21.0,13.0,22.0,18.0,40.0,0.0,0.0
Pollard5.jpg,53.0,38.0,46.0,32.0,32.0,0.0,0.0
Sisley6.jpg,61.0,67.0,70.0,74.0,64.0,0.0,0.0
vanOstade2.jpg,61.0,50.0,50.0,55.0,51.0,0.0,0.0
Cezanne26.jpg,59.0,55.0,68.0,61.0,66.0,0.0,0.0
Monet26.jpg,59.0,64.0,72.0,62.0,63.0,0.0,2.0
Renoir9.jpg,50.0,32.0,59.0,58.0,34.0,1.0,0.0
Monet13.jpg,65.0,75.0,57.0,78.0,75.0,0.0,1.0
Herring9.jpg,57.0,51.5,62.5,53.5,51.5,0.0,0.0
Rigaud5.jpg,44.0,31.0,40.0,38.0,40.0,1.0,1.0
Renoir30.jpg,51.0,50.0,53.0,40.0,33.0,1.0,1.0
Bellucci1.jpg,61.0,46.5,71.5,60.5,27.0,0.0,0.0
Bruegel3.jpg,64.0,65.0,71.5,71.5,61.5,1.0,1.0
Rembrandt32.jpg,50.0,47.0,46.0,33.0,32.0,0.0,0.0
Catena3.jpg,56.0,50.0,63.0,57.0,51.0,1.0,1.0
vanDyck6.jpg,57.0,47.5,63.5,52.0,44.5,0.0,0.0
LouisDavid4.jpg,74.0,74.0,85.0,82.0,72.0,1.0,1.0
Durer10.jpg,60.0,52.0,61.0,58.5,48.0,1.0,1.0
Verelst1.jpg,70.5,50.0,74.0,69.0,56.5,1.0,1.0
Sanzio2.jpg,50.0,40.0,50.0,42.0,28.0,0.0,0.0
Cezanne18.jpg,50.0,34.0,50.0,22.0,48.0,0.0,0.0
Jordaens1.jpg,51.0,42.0,61.0,65.0,33.0,1.0,1.0
Rigaud3.jpg,51.5,37.0,40.5,50.0,29.0,1.0,0.0
VanGogh2.jpg,43.0,51.0,63.0,54.0,56.0,0.0,0.0
vanSomerI1.jpg,42.5,28.0,41.0,23.5,17.0,1.0,0.5
Catena1.jpg,38.0,21.0,30.0,25.0,17.0,0.0,0.0
Corvi1.jpg,64.5,58.0,62.5,59.0,37.5,0.5,0.5
Pollard12.jpg,57.0,42.0,43.0,40.0,35.0,1.0,1.0
Tintoretto11.jpg,61.5,41.5,48.5,59.5,42.5,0.0,0.0
Boudin2.jpg,75.0,70.0,81.0,76.0,74.5,0.5,1.0
delPiombo2.jpg,57.0,40.0,45.0,58.0,31.0,0.0,0.0
Cassatt7.jpg,48.0,45.0,41.0,55.0,50.0,0.0,1.0
DavidFriedrich5.jpg,71.0,75.0,77.0,80.0,77.0,1.0,1.0
Ury1.jpg,53.0,46.0,51.0,53.0,28.0,0.0,0.0
BenjaminWest14.jpg,58.0,51.0,60.0,56.0,50.0,0.0,0.0
Wissing2.jpg,61.0,52.0,47.0,44.0,41.0,0.0,0.0
vonSandrart1.jpg,39.0,26.0,55.0,50.0,29.0,2.0,0.0
Latour7.jpg,61.0,63.0,53.0,66.0,53.5,0.0,0.0
Cuyp6.jpg,70.0,76.0,86.0,77.0,69.0,0.0,0.0
Cuyp4.jpg,67.0,80.0,82.0,80.0,74.0,0.0,0.0
Gerstl3.jpg,40.0,25.0,38.0,40.0,20.0,0.0,0.0
Constable4.jpg,66.5,74.0,66.0,74.5,78.5,0.0,0.0
Homer1.jpg,56.0,50.0,57.0,63.0,52.0,0.0,1.0
Gainsborough5.jpg,55.5,46.5,60.0,68.5,53.0,0.0,0.0
vanBeijeren1.jpg,51.0,40.0,45.0,47.5,50.0,0.0,0.0
Ritman1.jpg,54.0,54.0,70.0,69.0,57.0,0.0,0.0
Vuillard8.jpg,53.0,44.0,61.0,57.0,58.0,0.0,0.0
Cezanne1.jpg,53.0,52.0,50.0,55.0,50.0,0.0,0.0
Vermeer1.jpg,51.0,51.0,45.0,66.0,56.0,0.0,0.0
Pollard4.jpg,41.0,32.0,51.0,31.0,33.0,1.0,1.0
dHondecoeter1.jpg,70.0,74.0,65.0,71.0,78.0,0.0,0.0
vanLeyden1.jpg,58.0,36.0,45.0,51.0,48.0,0.0,0.0
Renoir2.jpg,60.0,59.0,76.0,73.0,76.0,1.0,7.0
Rembrandt10.jpg,61.0,55.0,27.0,57.0,51.0,0.0,0.0
Metsu2.jpg,57.0,42.0,49.0,52.5,44.0,0.0,0.5
Turner6.jpg,48.0,38.0,56.0,26.0,24.0,0.0,0.0
Renoir5.jpg,48.5,67.5,81.5,62.5,74.5,1.0,1.0
Vuillard2.jpg,56.0,36.0,55.0,31.0,50.0,0.0,0.0
Avercamp1.jpg,66.0,57.5,58.0,66.0,68.0,1.0,1.0
Richter3.jpg,66.0,59.0,75.0,74.0,72.0,1.0,1.0
Constable53.jpg,72.0,72.5,72.0,71.5,75.5,0.0,0.0
ElGreco10.jpg,61.0,50.0,45.0,47.0,50.0,0.0,0.0
VanGogh21.jpg,56.0,59.0,71.0,56.0,73.0,3.0,4.0
Chardin9.jpg,51.0,44.5,48.0,70.0,47.5,0.0,0.0
LeBrun2.jpg,57.0,41.0,55.0,63.0,21.0,1.0,1.0
TeniersYounger10.jpg,56.0,44.0,53.0,49.0,54.0,1.0,0.0
Snyders2.jpg,55.5,45.5,74.0,66.5,30.5,0.0,0.0
Seurat1.jpg,44.0,38.0,34.0,32.0,55.0,0.0,1.0
vanderHelst1.jpg,57.0,49.0,48.0,53.0,39.0,0.0,0.0
Philipsen1.jpg,74.5,84.5,89.5,85.5,90.0,0.0,0.0
Tiepolo5.jpg,59.0,54.0,69.0,63.0,49.0,1.0,0.0
Sailmaker2.jpg,60.0,53.0,40.5,48.5,55.0,0.0,0.0
VanGogh8.jpg,45.0,47.0,56.0,54.0,58.0,2.0,2.0
Constable31.jpg,66.0,51.0,65.0,73.0,68.0,0.0,1.0
Monet3.jpg,59.0,57.0,54.0,57.0,63.0,1.0,1.0
TeniersYounger7.jpg,56.0,58.0,71.5,71.5,54.0,0.0,0.5
Vernet1.jpg,70.0,67.0,77.0,81.0,79.0,0.0,0.0
Lanfranco1.jpg,50.0,32.5,55.5,45.0,25.0,0.0,0.0
Hals5.jpg,60.0,53.0,57.0,56.0,50.0,0.0,0.0
Aalto2.jpg,53.0,40.5,42.5,38.5,57.5,0.0,0.0
Herring11.jpg,53.5,48.0,51.0,40.0,39.5,1.0,1.0
VigeeLebrun1.jpg,59.0,49.0,63.0,68.0,38.0,0.0,0.0
Hobbema1.jpg,75.0,77.0,72.0,81.0,84.0,0.0,0.0
deCappelle1.jpg,74.0,73.0,76.0,82.0,79.0,0.0,0.0
Panini1.jpg,67.0,54.0,55.0,49.0,42.0,0.0,0.0
delPiombo4.jpg,43.0,43.0,22.0,42.0,26.0,0.0,0.0
Sisley11.jpg,53.0,52.0,71.0,52.0,67.0,0.0,0.0
Canaletto8.jpg,76.0,70.0,67.0,73.5,63.5,0.0,0.0
Renoir22.jpg,62.0,67.0,72.0,70.0,75.0,1.0,1.0
Reni2.jpg,71.0,61.0,64.0,65.0,59.0,0.0,0.0
Constable10.jpg,74.5,90.5,85.5,87.5,91.5,0.0,0.0
Bray1.jpg,62.0,43.0,59.5,55.0,47.5,0.0,0.0
Constable33.jpg,59.0,55.0,56.0,50.0,57.0,0.0,0.0
Garbieri1.jpg,62.5,60.5,52.0,52.0,52.0,1.0,1.0
Bryullov2.jpg,42.0,51.0,53.0,60.0,35.0,0.0,0.0
Caillebotte4.jpg,66.0,58.0,72.0,60.5,77.0,0.0,0.0
Aivazovsky 2.jpg,80.0,84.0,92.0,88.0,85.0,0.0,0.0
Lotto5.jpg,62.0,53.0,73.0,57.0,47.0,0.0,0.0
Gros1.jpg,58.5,57.5,77.5,79.0,45.5,0.0,0.0
Bouguereau2.jpg,63.5,75.0,86.0,71.0,69.0,0.0,0.0
Kneller3.jpg,60.0,41.0,50.0,51.0,43.0,0.0,0.0
VigeeLebrun2.jpg,76.5,55.0,72.5,64.5,51.0,0.0,0.0
Hobbema2.jpg,70.0,80.0,76.0,79.0,80.0,1.0,0.0
Rousseau8.jpg,37.0,29.0,52.0,27.0,34.0,0.0,0.0
Laroon8.jpg,31.5,19.5,24.0,33.0,15.0,0.0,0.0
BenjaminWest10.jpg,59.0,47.0,44.0,68.0,65.0,1.0,1.0
Zurbaran6.jpg,67.0,60.0,64.0,64.0,57.0,1.0,1.0
Cezanne8.jpg,51.0,52.0,45.5,36.5,49.5,1.5,1.5
Manet17.jpg,55.0,45.0,47.0,66.0,43.0,0.0,1.0
Vereshchagin1.jpg,54.0,48.0,74.0,66.0,59.0,0.0,0.0
Manet24.jpg,50.0,40.0,50.0,30.0,32.0,0.0,0.0
Pissarro2.jpg,55.0,52.0,56.0,57.0,59.0,0.0,0.0
Danby1.jpg,68.0,69.0,89.0,86.0,57.0,0.0,0.0
VanGogh19.jpg,58.0,58.0,49.0,66.0,51.0,0.0,0.0
Gainsborough9.jpg,49.0,44.0,54.0,33.0,50.0,0.0,0.0
Delacroix4.jpg,54.0,38.0,52.5,51.5,36.0,0.0,0.0
Rusinol13.jpg,40.0,58.5,47.0,53.0,53.0,4.0,1.0
Rembrandt13.jpg,44.0,30.0,36.0,30.0,36.0,1.0,0.0
Reni5.jpg,50.0,39.0,55.0,43.0,24.0,1.0,0.0
Pissarro6.jpg,53.0,55.5,64.5,61.0,66.0,1.0,9.5
Monet22.jpg,49.0,50.0,59.0,49.0,50.0,0.0,0.0
Tropinin2.jpg,75.0,65.0,81.5,68.5,68.5,0.0,0.0
vanRuisdael1.jpg,54.0,73.0,62.5,74.5,73.0,0.0,0.0
Brugghen3.jpg,59.5,57.5,64.0,67.0,52.5,1.0,0.0
Nonell3.jpg,69.0,63.5,74.0,70.0,81.5,0.5,0.5
Chardin2.jpg,50.0,37.0,53.0,38.0,20.0,0.0,0.0
Cezanne11.jpg,55.0,44.0,56.0,44.0,50.0,0.0,0.0
Cassatt4.jpg,65.0,61.0,60.0,56.5,51.0,1.0,0.5
Delaroche2.jpg,67.0,49.5,54.5,53.5,48.0,3.0,1.0
Caillebotte7.jpg,67.0,71.0,81.0,70.0,68.0,0.0,0.0
Cassatt9.jpg,55.5,50.0,52.0,60.5,50.0,0.0,0.0
Liebermann3.jpg,52.0,48.0,54.0,34.0,50.0,1.0,0.0
Manet11.jpg,59.0,57.0,50.0,68.0,55.0,1.0,1.0
Titian7.jpg,57.0,46.5,60.5,55.0,32.0,1.0,1.5
Jawlensky5.jpg,66.5,59.5,65.0,79.0,64.0,0.0,0.0
Rembrandt16.jpg,60.5,66.0,57.5,81.5,69.5,0.0,0.0
TRousseau2.jpg,55.0,53.0,53.0,54.0,66.0,0.0,0.0
Laroon5.jpg,42.0,42.0,31.0,49.5,39.5,0.0,0.0
Rembrandt28.jpg,60.0,46.0,46.0,66.0,46.0,0.0,0.0
Wtewael1.jpg,63.0,60.0,76.0,77.0,53.0,1.0,0.0
Maes2.jpg,61.0,37.0,31.0,32.0,22.0,0.0,0.0
Monet8.jpg,67.5,68.5,70.0,74.0,72.0,0.5,0.0
Poussin3.jpg,61.0,59.0,62.0,55.0,54.0,1.0,0.0
Herring10.jpg,42.5,38.5,54.0,51.5,30.0,1.0,0.0
Poussin11.jpg,54.0,47.0,75.0,47.0,56.0,1.0,1.0
VigeeLebrun5.jpg,73.0,72.0,74.0,69.0,83.0,0.0,0.0
Delaunay1.jpg,42.0,40.0,39.0,56.0,58.5,0.5,0.5
Manet21.jpg,55.0,48.0,61.0,58.0,50.0,0.0,0.0
Herring3.jpg,53.0,50.0,59.0,60.0,48.0,0.0,0.0
Gauguin11.jpg,60.0,56.0,68.0,35.0,65.0,1.0,1.0
Rembrandt7.jpg,73.0,65.0,71.0,76.0,60.0,0.0,0.0
VigeeLebrun3.jpg,68.0,68.0,68.0,60.0,64.0,0.0,0.0
Rousseau10.jpg,35.0,24.0,42.0,25.0,27.0,0.0,0.0
BenjaminWest8.jpg,65.5,57.0,62.5,55.0,44.5,0.0,0.0
Jawlensky1.jpg,33.0,35.0,37.0,24.0,45.0,0.0,0.0
vanDyck2.jpg,53.5,40.0,41.0,33.0,37.0,0.0,0.0
Durer1.jpg,65.0,50.0,63.0,49.0,40.0,0.0,0.0
Reynolds9.jpg,62.0,50.0,59.0,64.0,50.0,0.0,0.0
Monet28.jpg,82.0,80.0,84.0,82.0,82.0,0.0,2.0
Rubens8.jpg,59.5,47.5,60.5,47.0,37.0,1.5,1.5
Poussin1.jpg,50.0,57.0,69.0,63.0,62.0,0.0,0.0
Borch4.jpg,61.5,41.0,64.0,54.5,33.5,0.0,0.0
Stom2.jpg,73.0,65.0,71.0,76.0,63.0,0.0,1.0
Redon8.jpg,36.0,31.0,50.0,19.0,23.0,1.0,1.0
Gauguin5.jpg,45.0,45.0,59.5,49.5,44.5,0.0,0.0
Savrasov1.jpg,71.0,84.0,79.0,87.0,78.0,1.0,1.0
Gauguin19.jpg,41.0,28.0,28.0,34.0,25.0,0.0,0.0
Ruysch1.jpg,75.5,70.0,78.5,81.5,84.5,0.0,0.0
Fragonard2.jpg,44.0,24.0,38.0,38.0,27.0,0.0,0.0
Frieseke3.jpg,58.5,63.0,70.0,72.0,86.0,0.0,0.0
